Example,Label
325548669aaaaaaa67cccccccc72bbbbbbb588411dddddddddd9831,NEGATIVE
5681aaaa68bbbbbbbbb717237718cccccc3851dd7393736548,POSITIVE
275aaaaaaa9274315cc62825125bbb452ddddddddd52867,NEGATIVE
118466755aaaaaaa33bb2797614252ccccccccc972112499dddddd7294442727,POSITIVE
193aaa8463965cccccccccc6bbbb9682ddddddd94,NEGATIVE
9123aaa45294424bbbbb29729763cccc2723128ddddddd199,POSITIVE
6916793aaaaaaaaaa334cccccccccc368972243b181ddddddddd2,NEGATIVE
54aaaa948cccc441bbb59958ddddddddd339754313,NEGATIVE
69aaaaaaa9cccccccccc2bbbb7dddddddd75759,NEGATIVE
39689aaaaa1796bbbbbb7612948653ccc5392634334ddddddddd873,POSITIVE
389539aaa4293939669ccccccc646743bbbbbbbbbb32dd18,NEGATIVE
764aaaaa4cc1bbbbbbbb86ddddddddd779748,NEGATIVE
33768923a69321273ccccc558523bbbbb65713144ddd47,NEGATIVE
44aaaaa3845861bbbbbbbbbb95964349c11dddddddddd9453585,POSITIVE
616aaaaaaaaa18251bbbbbbbbbb355256cccccccc43615138dddddd8446182541,POSITIVE
347515656aaaaaaaa4579bbbb3562ccccccccc7581156dddddddd85,POSITIVE
96aaaaaaaa37611838cc886718822b24ddd77,NEGATIVE
872aaaaaa9321319bbbbbbb5226624186ccccc8258516544ddddddd215259,POSITIVE
62859734aaaaa288899492cccccccc4278647972bbbbbb29381141dddddddd4418,NEGATIVE
4945839aaaa4ccc9335827378bbb877114454ddddddddd98937385,NEGATIVE
84889aaaaa745893bbbbbbb7896361786cc2419dddddd26,POSITIVE
9863aaaaaaa85111cccccccccc63644774bbbbbbbbbb58dddddddddd32,NEGATIVE
75368233a45252cccc653227bb4926ddddddddd2783,NEGATIVE
3766166294aa8635cccccccc5199957284bb165764ddddddddd7652845126,NEGATIVE
197aa6444bbb81471cccccc32884dddddddd57,POSITIVE
86aaaaaaaa419bbbb9234511942cccccccc9949dddddddddd1585524,POSITIVE
1242aaaaaa5189538bbbbbbbbb5723538211ccccccc4528573ddd15324,POSITIVE
978949aaaaaaa44376bbb348ccccc757ddddddddd46,POSITIVE
7356aaa1357743ccccccccc528822172bbbbbbbb586859377ddddddddd64547339,NEGATIVE
7999366aaa41752314ccccc24bbb27527dddd69,NEGATIVE
1aa8424698b84ccccccccc96764312ddddddd491,POSITIVE
91634674aaaaa2674758b585c4922ddddd2511,POSITIVE
7aaa725b3ccc98537ddd68,POSITIVE
18aaaaa3612bbbbbbb1378cccccccccc4731477dddddd363914699,POSITIVE
672aaaaaaaaa923471891bbbbbbb669285773ccc6ddddddddd956,POSITIVE
6365634aaaa66545381bbbbb28137396cc25362ddd21659,POSITIVE
244aaaaaaa198568bbb1125cccc24193d2,POSITIVE
23aa8323482626bbbbbbbb849779535cccc424255731ddddddddd35177,POSITIVE
44579aa41936865bb48cccccccc43ddd5,POSITIVE
2aa1bbbbbbb77cccccccccc563ddddddd535,POSITIVE
754599aaa961215ccc58991649bbbbbbbb218533ddddddd671382,NEGATIVE
681514aaa44b951456cccc6134515228ddddddddd69569252,POSITIVE
8378aaaaaaaaa2921bbb6258922135cccccccccc32692967d342557537,POSITIVE
9285aaaaaaaaaa66692ccccccc19329984bbbbb374759289dddddd83,NEGATIVE
3247669aaaaaaaa7412295489cccccc28b91119141dddddddd872796495,NEGATIVE
15485431aaaaaaaaaa335638685bbbbbbb726339655ccc374dddd19947649,POSITIVE
133111a1653893325ccc4379115bbbb465947664ddddddd96,NEGATIVE
75aaaaaa8762542746bbbbbb5ccccccccc284ddddddd92243,POSITIVE
53912aaaaaaaa99bbbbb4299919ccccc8219249246dddddddd841648,POSITIVE
621657515aaaaaaaa884367cccccccccc743983921bbbbbbb9479784662dd9435461,NEGATIVE
42535aaa291615bbb4ccccc9242298ddddddddd791288648,POSITIVE
6642aaaaaaaaa485515533bbbbbbbb7234829ccccccc26545dddddddddd259862,POSITIVE
65133397aaaaaaa18268bbbbbbbbbb4ccccc744dddddddddd1992854268,POSITIVE
637213aaaa2ccc59155151bbbbb16ddd151,NEGATIVE
6aaaaaa32c7bbbbbbbbbb21674dddddddd53,NEGATIVE
1429469633aaaaa313cccccccc951474238bbbb7ddddddddd4,NEGATIVE
7aaaaaaa3ccccccccc6613755268bbb3686276ddddddd223833,NEGATIVE
85aaaaaa95678396bbbbbbbbbb3338151955ccccccc2258dddddddd857533517,POSITIVE
7511154aaaaaaaaaa4118ccccccccc564b542188865dddd1,NEGATIVE
7aa32219bbbbbbbbb1cccc6698918213dddddddd626,POSITIVE
4367aaa25182387bbbbbbbbbb7213cccccc5751ddddddddd17768,POSITIVE
342838341aaaaaaaaa582552884ccc2687862bbb6dddddddd28443175,NEGATIVE
59476224aa586885bbbbbbbbbb5129834437ccccc4572332dddd738,POSITIVE
26967aaaaaaaaa6ccc482732846bbbb32dddddd7,NEGATIVE
466728919aaaa6bbbbbbbbbb4711482cccccccccc2139dddddddddd5484,POSITIVE
33126aaaaaaaaaa9939663961c29959249bb4775614547d582116515,NEGATIVE
192aaaaa32877421bb3cccc4895738d62788645,POSITIVE
43aaaaaaaa445782bbbbbb6611846149ccccc863184dddd2,POSITIVE
1622866633aaaaaaaaa65ccccccccc945538883bbbbb15811ddddddddd63255,NEGATIVE
87822751aaaa69b61792386ccccccccc6528376d44769,POSITIVE
59aaaaaaaaa7989965538bbbbbbbbb479473938ccc23dddddddd6,POSITIVE
6321a57bbbbbbbbbb9772ccc9dddddddd79929,POSITIVE
5575295aa532594bbbbbbbb187cc593ddddddddd5232113,POSITIVE
7aa8812629bbbbbbb735c326251188dddddddddd434189665,POSITIVE
5855241941aaaaaaaaaa1942878c53bbbbbbbbbb1dd873459,NEGATIVE
6735774853aaaaaaaaaa714cc66968bbbbbbbbb94ddddd2539779,NEGATIVE
72629aaaaa178157925bbbb116446744c8596248dddddd737,POSITIVE
5468669671aaa4bb87ccccccc919975dddd2633,POSITIVE
37592aaaaaaa897c413374521b95d65,NEGATIVE
923aaa1468162bbb828286cccccc54dddddddddd672214,POSITIVE
3511642aaaaaaaaaa5234269bbbbbbbbbb8855583ccccccc282649ddddd7471683224,POSITIVE
5aaaaaaaaa66472335bbbbbbb9586c9dd521,POSITIVE
69165776aaaaaaaaaa319156158bbbbbbbbb8728596cccc8994316ddddddddd6277,POSITIVE
682aaaaaaaaa2bbb7267446339ccccccc8369277839dd1489,POSITIVE
2254748aaaaaaa6526ccccccccc718449bbbbbbbbbb566627595dddddd94,NEGATIVE
338575aaaaaaa28555bbbb986253613cc39327255ddd16522,POSITIVE
2342398657aaaaaaa316561396bbb75542ccccc3844986ddddd664,POSITIVE
9617aaaaaaaaa95818193cc18824753bbbbb65dddddddd457298195,NEGATIVE
4842193598aaaaa6679799835ccc52665bbbbbbbbb8937257ddddddd626872789,NEGATIVE
1935917aa93578326cccccccc95864bbbbbbbbbb396542785dddddddddd215,NEGATIVE
4631aaa9112245bbbbbbbbbb3ccccccc91784622ddddd1249647,POSITIVE
6334aa9655487196b6977cccccc156662dddddddddd32528,POSITIVE
78aaaaaaaa197757bbb2352ccccccccc52dddddddd16,POSITIVE
89aaaa8748ccccccc8bbbbbbbb4525735dddd4599,NEGATIVE
464aaaaaa7661189813bbbbbbbbb946c2dddddd917968555,POSITIVE
25aaaaaaaa453bbbbbbbbb162ccccccc483ddddd53138879,POSITIVE
4155685141aaaaaaaaa593399bb2714326149cccccccccc8775744774ddddd585335117,POSITIVE
13637276aaaaaa4484ccc716259919bbb732dd6,NEGATIVE
197262aaaaa63278123ccc632449bb4dddddddd2,NEGATIVE
5828345aaaaaaaaa74bbbbbbbb84347cccccc795161dddd122544,POSITIVE
2637aaa11cccccccccc3293bbbbbbbbb938648d21,NEGATIVE
98aaaaaaaaaa5797cccccc4bbbbbb439884dddddddddd79,NEGATIVE
91719372a9bbb85495626ccc1738383ddd585261694,POSITIVE
9491423aaaaaa251bbbbb6951836cccccccccc2459475731dddd29162248,POSITIVE
417742aa618bbbbbb2cc947526597ddd38657,POSITIVE
74aaaa885bbb498534979c6457dd6,POSITIVE
891167aaaaa15726b417753376ccccc844d517,POSITIVE
6129aaaaaaaaa2563785332ccccccccc2bbbbbbbb1635675615d811,NEGATIVE
12547186aaa748349bb34747c968741969ddddddd827,POSITIVE
16aa11b625717239cc7dddddddd22512,POSITIVE
3443585aaaaaaaaa9bbbbbb249762562cccccc1819d191327,POSITIVE
3525aaaaaaaaa459168476ccc115287297bbbbbb84142795ddddd441,NEGATIVE
8324aaaa438673bbbbbbbb2366443518ccccccccc7571ddddddd8337653481,POSITIVE
152aaaaaa311b6327648389ccccccccc51d6,POSITIVE
6596aaaaaaaaaa2ccc55882873bbbbbbbbbb8419ddd4445664345,NEGATIVE
1384aaaa7bbbb7964461534cccccccccc59454d666232,POSITIVE
6122aaaa78156c987bbbbb4766421dd47,NEGATIVE
951219aaaaaaaaaa3683428cccc94746519bbbbbbbbbb6767dd3171,NEGATIVE
65aaaaaaaa63986735bbbbbbbbb8261cccccccccc759d5752598846,POSITIVE
16698452aaaaaaa157679ccc4199bbbbbbbbb4573492443d9122513831,NEGATIVE
4aaaaaa611938bbb17176cccc639391dddddd8668994367,POSITIVE
824aaaaaaaa46bbbbbbbbb463873218cccccccccc78564dd3,POSITIVE
2838517638aa965727753bbbbbbbbb898cc97184253dd5852259,POSITIVE
3242964aa93cc8bbbbbbb3319441dddddd659968,NEGATIVE
6658493192aaaaaa71116392cccccccccc77598bbbbbbbbbb663728ddddddddd4953815994,NEGATIVE
58244aaaaa7672457cccc59584bbbbbbbbb6923331683dddddddddd756252,NEGATIVE
6738475759aaaaaaaaaa25885588bbbb7831cccccccccc84896888dddd779264,POSITIVE
55391957aaaaaaa9884846bbb785858cc39469ddddd98,POSITIVE
36aaaaaaaaa2986386bb1cccc8179dddddddd88,POSITIVE
96446237aaaaaaaa79cccccccc928711398bbbbbbbb81436464dddddddd423219,NEGATIVE
188525a7859572767b324161cccc343511248dddddddd1859721161,POSITIVE
91aaaaaa274778bbb36664cccccccc756337236ddd14166511,POSITIVE
2481aaaaaaa52422bbbbbbbbbb2ccc8326934131ddddddd627824,POSITIVE
1477aaaaaa1754965311cc5614292834bbb255977722ddddddddd654,NEGATIVE
2331356642aaaaaaaaaa8363387529bbbbbb2729cccccc8888dddddd558738,POSITIVE
73689aaaaaaaa2436446bbbbbb358ccccccccc48715dddd9,POSITIVE
826aaaa4222413991ccccc89299bbbbbbbbbb4dddd82644,NEGATIVE
57747a42b3299198cc9dddddd49,POSITIVE
871381556aaaa656451313bbbb712cccccc1965163ddddddd779,POSITIVE
229545aaaaaaaaa763cccccccc25373bbb679425688dddd464,NEGATIVE
68aaaaaaaaaa5824cccccc18752bbbbbbbb32253441dddd7,NEGATIVE
95769aaaa2752cccccccc4874732bbbbbb85356dddddddddd591,NEGATIVE
71654aaaaaa57179bbbbbb483917154cccccccc952738877dddd84,POSITIVE
831aaaaaaaaa8846ccccccc4887982bbbbb32dd34,NEGATIVE
6aaaaaaa5828876ccccc556492426bbbbbbb1829ddddd2527,NEGATIVE
767933747aaaaa7317bbbbbbbb359ccccccccc932dddddddddd9,POSITIVE
8254227aaaaaa1cccccccccc48385797bbbbbbbbbb259458dddddddd694238649,NEGATIVE
6665aaaaaaaa8316599637bbb965cc93321228ddddddd89,POSITIVE
1aa45bbbbbb226716cccccc15887dddddddd33198179,POSITIVE
26134126aaa85cccccccc7bbbbb7ddddddddd6,NEGATIVE
9571246a2666583747ccccccccc18239bbbbbbbbbb544678164ddddddd9,NEGATIVE
95aaaaaa46ccc27bbbbbbb63dd8919,NEGATIVE
264943171aaaaaa1ccccccccc6745298391b83dddddddd5551,NEGATIVE
3359221aaa4bbb22cc3751292275dddd3837,POSITIVE
89548638aaaaaaaaaa2752774cc3bbbbbbbbb7562242ddddddd146791,NEGATIVE
54824aaaa322bbbbbb186ccccccc7dddddddd39,POSITIVE
851979645aaaaaaaa323832bbbbbbb7755257cccccccccc732dd719338964,POSITIVE
84aaaaa1789bbb2296ccc8674881613dddddd67985149,POSITIVE
7877288aaa552645422c83bbbbbbb774662293dddddd9731,NEGATIVE
9268933aaaaaaaaaa982412839bbbb519cccccccc9134737dd643454,POSITIVE
7989693157aaaaaaa117371c1696754bbbb17363164dddddd63842,NEGATIVE
37aaaaaaaaa6295275ccccc6916bbbbbbbbb2487647ddddddddd25871386,NEGATIVE
28aa89331cccc313899bbbbbb63933755dddddd6592161,NEGATIVE
48aaaaaaa692cc4145771963bbbbbb66268ddd99841747,NEGATIVE
98757133a9348577bbbb527174889ccccccccc8341276585dd617874956,POSITIVE
174851aa487255942cccccccccc84bbbbb9ddddddd8,NEGATIVE
15aaaaa88345934bb8634ccccccc8576584922ddddddddd5672266669,POSITIVE
117735344aaa5929254833bbbbbbb65579ccccc611793762ddddddddd44497875,POSITIVE
236995692a61cccccccccc2bbbbb2939481339dddddddddd188675,NEGATIVE
185547aaaaaaaaaa517687797bbbbb9855836517cc678ddd25156346,POSITIVE
5487aaaaaaaaa234cccccccccc644998bbbbbbbbb154ddddddd39415124,NEGATIVE
38aaa642952cccc4733481361bbbbbbb92835dddddddddd399312,NEGATIVE
1219aaaaaaaaa8878614122bbbbb754188cc68726ddddddd238527418,POSITIVE
3aaaaaaaaa16692bbb412ccc577ddddd5,POSITIVE
2892592aaaaaa3539959511bbbb726962166ccccc81886ddddd1,POSITIVE
754978aaaaaaaaaa943c9565314594bbbbbbbbb3325578dd5424714343,NEGATIVE
2aaa473cccccccccc584346366bbbbbb6d8664473399,NEGATIVE
6364512aaaaaaaa865171245ccc581182591bbbbbbbbb7955149d9631,NEGATIVE
883193394aaa8266bb729987896cc17587554ddddddddd147,POSITIVE
567543aaaaa4282bbbbbbb66985cccccccccc37471744dddd44449814,POSITIVE
3319262125aaaaaaaaaa34572cccccccccc37bbbbbbbbb77ddd58169,NEGATIVE
31a62bbbbb884cc442dddd88411,POSITIVE
2941248728aaa2687421891c88311bbb974ddddddddd6,NEGATIVE
41aaaaa537262bbbbbb476cccccccccc852158dddddd57884728,POSITIVE
74134aaaa8766716654bbbb712632783ccccccccc44dddddddd7,POSITIVE
6448614118a186741bbbbbbbb657cccccccc2455d15576781,POSITIVE
9aaa8931bbbb18ccccccc415718d8513,POSITIVE
5aaaa263742bbb8cccccc797dddddddd8541975,POSITIVE
481291645aaaaaaaaa378372ccccc9364246bbbbbbbbb99725267dd892854277,NEGATIVE
44aaaaaaa7162532c326457372bbbbbbbbbb8111671d5,NEGATIVE
6aa62ccc65918939bbbbbbb785772914ddddddd9332,NEGATIVE
1942196aaaaaa67587424ccccccc68bbbbbb7377469739dddddddd22252269,NEGATIVE
842396aa515724bbbbbbbb788983368ccccccc2923294841dddddddd2132492536,POSITIVE
11239558aaa37151cccccc7451bbbbbbb886197dddd726148,NEGATIVE
472971995aaaaaaaa5658bbbbb815429cccccccccc9473951dddddddddd57573114,POSITIVE
5454364951aaaaaaa754985936ccccccc2945582bbbbb6993ddddddddd894427,NEGATIVE
5594312aaaaaaaaa655486cccccc658bbbbb22348188dddddddd533511626,NEGATIVE
849aaaaaaaa245991cccccc83bbbbbbbbbb5668d8335633,NEGATIVE
4aaaaaaaaa367653cccccccc97226bbbbbbb25373849ddddddd8598964,NEGATIVE
889456a1637952b4924321ccccccccc755267d47916324,POSITIVE
594549694aaaaa885418763bbbbbbbbbb5567421885c7649432ddddddd39681613,POSITIVE
8298543aaaaaaa2bbb121992348ccccc6948882dddddddd3258273921,POSITIVE
2776424aaaa2566912756cccccccc957bbbbbbbbbb1dddd62,NEGATIVE
692aaaaaaaa364bbbbbb6414539721ccc23543692d14,POSITIVE
68863769a68652495cccccccc8831bbbbbbb28735174dddddddddd346752747,NEGATIVE
512aaaaaa797265bb288cccccccccc53ddddddddd83446,POSITIVE
4122aaaaaaaa865881437bbbbbb2cccc1685795254dddddddd366582281,POSITIVE
61aaa13181bbbbbbbbb1522836975cccccccccc943526316dddddddddd6961924,POSITIVE
6339357389aaaaaaaaaa8722bbbb3422981365cc2dddddddddd3891,POSITIVE
687aaaaaaaaaa14517313bbbbbbbbb4399564cccccc3265463163dddddddddd8277196,POSITIVE
3223692aaaaaaaaa225134327ccccccccc66237918bbbbbbb39ddddddddd3552872,NEGATIVE
95284734aa1473517178bbbbbbbb29cccc27678462dddddddddd38197492,POSITIVE
73aaaaaaa9c49976812b7451836263ddd5,NEGATIVE
7899a48bbbbbbbb17171879cccc44285271ddddddd1,POSITIVE
4992aaaaaaaa721ccccccccc816332397bbbb4dd321,NEGATIVE
5262aaaaaa44c61429bbbbb5317969649ddd799731,NEGATIVE
7627aaaaaaaaa92798585bbbbb578cccccccc17281624ddddd821363398,POSITIVE
918879aaaaaaaaaa8584cc8878bbbbbb7278829ddd742966,NEGATIVE
5559846562aa6381396816bbb193cccc8354ddddddddd39,POSITIVE
6917745aa353918714bbbbbbbbb18cccccccccc8ddddddd39913,POSITIVE
23381819aa234844612bbbbbbb9cccccccc3934222336d11,POSITIVE
358438aa2ccccccc956454514bbbbbbbbbb61dddddddd1268,NEGATIVE
236aaaaaaaaa4549bbbbbbbb5188466696cccccccc92511366ddd1887,POSITIVE
539a853142423bbb814875749cccccccccc2913722ddd648629563,POSITIVE
2426aaaa765cccccc4124629bbbbbbbbbb6553137652ddd84686481,NEGATIVE
947aaaaaaaaaa8992738cccccc9336485429bbbbbbbb9ddddddddd19,NEGATIVE
78357aaaaaaaa8242359c36245462bbbbbbbbb8dddddd777952474,NEGATIVE
7929441aaaaaaa53119195cccc937494bbbbbbbbb5776973dddddddd912687714,NEGATIVE
352716aaa329964bb2635122cccccc32713ddddd56393533,POSITIVE
592294aaa795bbbbbbb1668ccccc2739463ddddddd6427,POSITIVE
3555aaaaaa559724b319c6932951318ddddddd515538331,POSITIVE
76929641aaaaaaa3cc46434132bbbbbbbbb6113614943dd652,NEGATIVE
2aaaaaaaa2798bbbbbbb23289938cccccccc586157dddddddd165669,POSITIVE
8796aaaaaa67cccccccccc896361481b887274ddd79939,NEGATIVE
38533aaaaaaaa5359bbbbbbb137334cccccccc482629ddddddd4,POSITIVE
1169393651aaaa169bbbbbbbbbb1928167cc778ddd7186,POSITIVE
818aaaaaa636955672cccc176bb829ddddddd837,NEGATIVE
332975a9742ccccccc993bbbbbbb69319ddd2893,NEGATIVE
8a2165cccccccccc4369bbbbbbb915d4,NEGATIVE
4aaaaaaa66186939bbbbbbbbb63928ccc5792954815dddddddd49595,POSITIVE
22798aaaaaa9311bbbb585383559ccccccccc42713dddddddddd831944,POSITIVE
7898aaaaaaa5774739519cccc3717982b21562dddd354971822,NEGATIVE
867aaaaaaa1874915cccccccccc7641bbbbbbb7ddddddddd28913783,NEGATIVE
7679428aaaa51cccccc626139417bbbbbbbbb2356ddddd5728575,NEGATIVE
2a93849cccc89bbb81975d46619,NEGATIVE
257aaaaaaaaaa57972cccc817bbbbbbbbbb193477512dddd791416887,NEGATIVE
229aaaa139ccc838769bbbbbbbb44ddddddd324564,NEGATIVE
722aaaaaaaa8595bbbbbbbbbb97738c77343dddddd768612696,POSITIVE
988a4894ccc7966143271bbbb2777ddd41989935,NEGATIVE
3788272367aaaaaaaaaa7861431794bbbbb42c323321927d24611853,POSITIVE
35829aaaaaaa4156ccccc6496125bbbbb686943919dddddddddd829,NEGATIVE
445722941aaaaaaa2b9cccccccccc66dddd118313563,POSITIVE
48aaaa7cccccc45bbbb9dddddddd847863478,NEGATIVE
57aaaaaaa8cccccc944bbb2dddddd7,NEGATIVE
81aaaaaaaa2bbb1458c4674897263ddddd1764,POSITIVE
465687525aaaaaaa255349cc55249bb647387ddddddd48,NEGATIVE
9125178924aaaaaaa59347bbbbbbbb1728ccc32ddddd9424239225,POSITIVE
1588a6348386768bbbbbbbb7587437cccccc3118686dd449988,POSITIVE
5677aa82bbbbbbbb63627cccc8dddddddddd8,POSITIVE
49754383aaaa46817c65bbb1ddddddddd872125498,NEGATIVE
25aaaa87bbb55765cccccc7642972dddd3669,POSITIVE
1784aaa8996312644bbbbbbbb5589ccccc4695dddd611175,POSITIVE
554aaaaa739ccccccc1bbbbbbbbb5479467245ddddddddd54581,NEGATIVE
17674aaaaaaaa2bbbbbb1658cc35366618dd6452261948,POSITIVE
75153934a6942412481bbbbbbbbbb731ccccccccc6253157635ddd625,POSITIVE
74471945a72bb763129333ccc4319ddd4869,POSITIVE
211171118aaaaaaaaaa6237cccccccccc832741bbbbbb35ddddddddd73,NEGATIVE
9aaaaaaa717534ccccccccc9519359bbbbbbbbbb51dd361347,NEGATIVE
777aaaa7455618975b84c32962dddddd97776,POSITIVE
7aaaaaaaa7224141567bbbbbb61229cccccccc33ddd9112789293,POSITIVE
436475692aaaa48786cccccccc69989456bb76dddddddd919412926,NEGATIVE
5933751aaaaaaaaa4cccc823269819bbbbbbbbb946477dddddddddd422336,NEGATIVE
4564aaa4466968478bb72558145ccccc419dddddddddd77282469,POSITIVE
272982599aa2bbbbbbbbb5ccccccccc441ddddddddd453747544,POSITIVE
84131aaaaa4356c777766bbb683784331dd813,NEGATIVE
327141215aaaa2cccccc8364658bbbbbbbbb538ddddddddd82,NEGATIVE
789698aaaa6323bbbb89747748cc7ddd94514,POSITIVE
5596aaaaaaa765bb8751155234cccc7759868313ddddddddd4515369,POSITIVE
85919428aaaaaaaaa12454318ccccccccc462637597bbbbbbbb18681dddd1915877,NEGATIVE
529aaaaaaa8b491ccc6dddd749,POSITIVE
772aaaaaaaaaa887438754ccccccccc53bbbbbbbb134ddddddddd6,NEGATIVE
21548829aaaaaaaaa3897711443cccccc655839367bbbbbb174dd59,NEGATIVE
115389a9bbbbbb597276cc8342811dddddd954755367,POSITIVE
3173178334aaaaaaa8198734bbbbbbbbb41896945ccccccc179dddddddddd7944519552,POSITIVE
8366413737aaaaaaaaa939698ccccc4748638bb375526ddd2,NEGATIVE
279aaaaaaaa6143749b54ccc89dddddddd12,POSITIVE
83aaaaaaa8547943cc969884225bbb588ddddddddd53588,NEGATIVE
2541aaaaa57191bbbbbbbbb44279694ccccc6959163251ddddddd94339,POSITIVE
7672aaaaaa4863463bbbbbbbbb37977cccccccc96dddddddddd917448,POSITIVE
3aaa1824696858bbbbb714878ccccccc865dddd329172,POSITIVE
17754786a218bbb143632ccc32dddddd78,POSITIVE
31379938aaaaaaa516cccccccccc634bbbbbbbbbb169897d12457,NEGATIVE
12965aaa5bbbbb1257cccccc7865347343dddd74286318,POSITIVE
9956871798aaaaaa9c727bbbbb4ddddddddd2767217971,NEGATIVE
636749244aa485273383cccccccccc42553bbbb949ddd3225551,NEGATIVE
924683aaaa4bbbbbbb896912ccccccc7289353667d1426,POSITIVE
77428285aaaaaaaa2761997bbbbbbbb85ccccccccc58749268ddd626,POSITIVE
4326676315a56878511bbbbbbbbb3322742195cc3122ddddddd18152,POSITIVE
7465aa7475ccccc194bbbb8757136dddddddddd5,NEGATIVE
913656662aaa533bb2493682cccccc49694ddddddddd166676184,POSITIVE
398982222aaaaaaaaaa4689651cccccc279746bbbbb1677722dddd42546,NEGATIVE
996a272138ccccccccc8856863bbbbbbbbb15dddddddd5767531931,NEGATIVE
124274aaaaaaa68866bbbbbbb918391cc943ddddddddd728678,POSITIVE
8aaa815cccccccccc18527491bb4865683558dddddddddd8262775,NEGATIVE
6488aaa45595954b1cccccccc118dddd794886228,POSITIVE
8137aaa2ccccc37bbbbb1752992845dd4165,NEGATIVE
5596195821aa6899524657ccc595611bbbbbbbb993965dddd756,NEGATIVE
18aaa6438c499bbbbbbbb961665264dddd88127911,NEGATIVE
21142aaaaaaaa3283685ccccc7134bbbbbb2473ddd959544837,NEGATIVE
5253aaaaaaa29379786bbbbbbbb39cccccccc834834496ddddddddd2668174397,POSITIVE
64124381aaaaaaaa867464561bb689347c5437738dddddddddd54,POSITIVE
351839627a9cc15993bbbbbbbb8698567376dd69984,NEGATIVE
85aaaaaaaaaa57489bbbbbbb81165cccccccccc513dddd33,POSITIVE
6151aaaaa71858693cccccccc19987753bbbbbb8dd6,NEGATIVE
2aaaaaaa97ccccc756494986bbbbbbbbbb71933d115453,NEGATIVE
5369435632aaaaaaaaaa3373bb4986ccccc2921ddddddd8161498,POSITIVE
38242aaaa99221cccccccc694bbb886395ddd593939421,NEGATIVE
6aaaaa9565238bbbbb748746cc26332ddd36,POSITIVE
12832aa6817bbbbb3575cccccccccc93d58987679,POSITIVE
3aaaa55cccc284758bb5862967dddddddd3,NEGATIVE
596231aaaaaa924ccccccc88bbb726595dddddd6493455,NEGATIVE
1853727aaaaaaaa18273936ccc1bbb2dddddddddd48,NEGATIVE
373829aa28327268bbbbbbb9ccccc8939967452dddddddddd69889,POSITIVE
76aaaaaa41bbbbbbbbb1538cccccccc499872ddddddddd37,POSITIVE
31135634aaaaaaaa4443536888cccccccc3547612bbbbbb89793731d5929,NEGATIVE
4aaaaa8358bbbbbbbb2831975cccccc1dddddddd251322,POSITIVE
15479211aaaa638735cccc49165895bbbb442ddddddddd362,NEGATIVE
9118593aaaaaaaaa2516636961cccc6392bbbbbbbbbb59ddddddddd4544432,NEGATIVE
748aa425768cccccc67754b41298dddddd69,NEGATIVE
2955278148aaaaa7268441cc871bbbbbbbb41718ddddddddd73,NEGATIVE
929aaa2ccc93bbbbbbbb2314475d356694,NEGATIVE
75aaaaaa57624756cc6bbbbbbbb193ddd3,NEGATIVE
145511aaaa6cccccccccc825bbbbbbb162267d164,NEGATIVE
3534aa24896393cccccccc363538bbbbb7877832dddd6152222,NEGATIVE
787751aaaaaa1233367395cccccc86521bbbbbbbbb745436ddddddddd672949898,NEGATIVE
677aaaa7898ccccccc59789148b8179923943ddddd199,NEGATIVE
94aaaaaaaaaa19951348cccccccccc7872239bb71438134dddddddddd72,NEGATIVE
125aaaaaaaaaa96846678bbbbbbb2cccc845573828dddddddddd24,POSITIVE
99955aaaaaa12ccccccc338239bbbbbbbbb23ddddddd24245,NEGATIVE
7267173921aaa79386452bbbbbbbb9894ccccccccc84ddddddddd1996435386,POSITIVE
19713629aaaaaaaaa31531628c293382717b49dddddddd2585427,NEGATIVE
9571aaaaaaaaaa6115cccccc2811373bbbb9ddddd474,NEGATIVE
1664528434aaaa29bbbbbbbb4472ccccc84ddd3183573,POSITIVE
3aaaa57391889cccccccc5bbbbbb4555569198dddddddddd24795395,NEGATIVE
5114943aaa444153343bbbbb3512186cccc5dd57174383,POSITIVE
712392577aaaaaaa1132bb324112cccc6dddddddddd39172312,POSITIVE
991aaaaa19669bbbbbbbbb37ccccccc3654133837d28,POSITIVE
3aaaaaaa5144bbb439796ccccccccc3187125dddddddd42229,POSITIVE
7959842927aaaaaaaaaa14483cccccccc2292bbbb4147573dddddddddd653,NEGATIVE
58aaaaaa6673bbbb4683557cc537817934dddddddd551686545,POSITIVE
966aaa748bbbbbbbbb394ccc62229856dddddddddd1184598,POSITIVE
54947975aaaa596444bb41769ccccccccc15824626dddddddd4686489945,POSITIVE
444742942aaaa4963142bb6536cccc3515212dddddd11,POSITIVE
6aaaaaaaa76362cc4251bbbb3733423dddddddddd35282,NEGATIVE
53495aaaaa4665231bbbbbbbb1872357ccc96dddddddddd8,POSITIVE
18765aa7539662c2816662928b6629dd713182,NEGATIVE
5aaaaaaaaa599bbbb33522227cccccc46411985ddddd51517,POSITIVE
9449a729994ccc7617bbb7985dddddd8546982881,NEGATIVE
71895aaaaaaaaa6849886bbbbbbb523ccccccccc87547592ddddd65,POSITIVE
86226533aaaaaa4788666cccccccccc91589bbb4283423d4,NEGATIVE
68339621a2798787ccccccc3145bbbbb99371337dddddd23496919,NEGATIVE
3868184aaaa36295bbb368237717ccccc9663988dddddddddd4821733769,POSITIVE
265178911aaaaaaa53bbbb26616cccccccc613528ddddd769,POSITIVE
599aaaaaaaa56329419bbbbbbbbbb3167515433ccccccccc1215731ddddd124279,POSITIVE
96aaaaaaaaaa4454447cccc845668932bbbbbb986ddddddd3591219,NEGATIVE
41a146cccccccc348832bbb93ddddddd9435116972,NEGATIVE
873741aaaaa7582cccccc59979333bb2717391568ddddd22,NEGATIVE
196a5766973459ccccc94bb677423882ddd45232,NEGATIVE
1943aaaaaaaaa94bbb24131769cccccc785749817ddd959716,POSITIVE
285aa866348789bbbb688773ccccc44334dddddddddd528947389,POSITIVE
4127929134aaaaa2455cc767283891bbbbbbbb7968939dddddddddd48694774,NEGATIVE
4436876aaaa754cc7bbbbb79ddddd98526,NEGATIVE
4aaaaaaa58646454bbbbbbbbbb119ccccc92358ddd3756321,POSITIVE
4682421aaaaaaa1568216ccccccc34481bbbbb6584842dddddd5,NEGATIVE
9737aaaaa92475494b37cccccccccc7427d93925,POSITIVE
9484aaaaaaa67284cccccc3494bbbbbbb37ddddddddd224814,NEGATIVE
779782168aaaaaaa558178ccc33644bbbb2dddddddd99378587,NEGATIVE
1259976826aaaaaaaa25171961bbbb8499336499cccccccc57dddddd1749974495,POSITIVE
69aaaaaaaa32796574bbbb438cc28918ddddddddd6824,POSITIVE
635657355aaaaaa644611bbbbbbbbb945632879cccc4471494dddddd32,POSITIVE
8756aa4875ccc4bbbbbbbbb1396722dddddddd743429399,NEGATIVE
958497a4cccccc39536357bb69173221dddddddd998248361,NEGATIVE
39775aaaaa491bbbbbbbbbb91391873cc49713ddd2962,POSITIVE
834299614aaaaaaaaaa7473bbbbbbbb8c5728dddd83919234,POSITIVE
8574aaaaaa833bbbbbbbb5ccc56799dddddddd9721,POSITIVE
152926aaaaa7cccccccccc6bbbbbbbbb8ddddddd7514258457,NEGATIVE
7677846aaaaaaaa897885651bbbb1cccccc8668195549dddddddddd62231771,POSITIVE
41638aaa6cccccccccc187bbbbbbbbb1ddd113496572,NEGATIVE
769aaaaaa64153675ccccccc9889659bbbbbbbbb5962389574dddddddddd267432433,NEGATIVE
3254aaaaaaaa695bb12cccccccccc723755ddd64,POSITIVE
7382463531a726313799ccc979468bbbbbbb941dddd16,NEGATIVE
757aaaaaaaaa3954769cccccccc28518bbbbbbbbbb368dddddddd46186,NEGATIVE
8858536968aaaaaaaa448312897bbbbbbbb6cc331994dddddddd83669,POSITIVE
969aaaaa554ccccccc921978317bbbbbbb3255892ddddddddd49,NEGATIVE
71891aaaaa86553cc77461bb569dd268,NEGATIVE
773159a9bbbb3667145491c217698996ddddddd192755732,POSITIVE
8848938aaaaaa3124717bbbb95423cccccc4685218ddd86412,POSITIVE
64889518aaa6bb2932cccc23139dd1591,POSITIVE
3aaaaaaa416555899cccccccccc84bb665ddd57986,NEGATIVE
2643347257aaaaaaaa5345525337bbbbbb38ccc49777ddddd693351334,POSITIVE
4448aaaaaaaaaa1988bbbbbbbb9657572682cccccc4655ddd42463,POSITIVE
96219189a283754715bbbbbbbb4315767cc45512d1,POSITIVE
33563aaa2249428b52831913ccccccc5351471174dddddddd56,POSITIVE
4aaaaaaaa98316bb9155719363ccccc3713373552ddddddd8787121,POSITIVE
829851565aaaaaaaaa6bbbbbbbbb229725cc7dddddddd3273498,POSITIVE
413519415aaaa3689884229cccc1bb9539ddddddd7355277323,NEGATIVE
7472517a9394732486ccccc779827488bbbbbb391396157dddddddd8352924,NEGATIVE
5286457aaaaaaaaaa5252cccccccc3219953b655dddddddd2,NEGATIVE
7541859aaaaaa517bbbbbbbbbb6198786374cc8331143221ddddd893578,POSITIVE
27779aaaaaaaaaa8bbbbbbbbbb672172949cccc959269255dd387349286,POSITIVE
456564aaaaaaaaaa7384bbb35cccccccccc1365369d385649842,POSITIVE
762436aaaaaaaa1148bbbbbb378553c53ddddddddd75423331,POSITIVE
78993827aaaaaa1991464ccccccc5983bbbbbbb696678679dddddd8576285,NEGATIVE
998714a51661bbbbbb5515546432ccccccccc414266943dddddd27923,POSITIVE
482aaaaaaaaa78ccccccc393bbbbbbb93177ddddd64,NEGATIVE
11574299aaaaaaaaa62498554ccccccc444bbbbb93985668ddddddd422,NEGATIVE
582736121aaaaaaaaa1bbbb13ccccc1174d75,POSITIVE
985664931aaaaaaaa6296263147ccc4834681bb4351415784ddd537278615,NEGATIVE
3aa862645bbbb531356752ccccccccc67649dddddd82472,POSITIVE
366279486aaa65564168bbbbbbb17983178cc67ddddddd388,POSITIVE
779aa66457bbbbbbb9c983dddddddd8,POSITIVE
271957628aaaaaaa4571571345bbb659334536cccccccc46d9,POSITIVE
9218179853a59311cc4b65454dd189513,NEGATIVE
236aaaaaaaaa4535697bbbb28cccc43339ddddd656835,POSITIVE
6249172423aaaaaa8744928cccccccccc89bbbbbb61492dddddddd59224885,NEGATIVE
1853aaaaaaaaa3bbbbbbbbbb23924279ccccc744446683ddddddd174997,POSITIVE
617aaaaaaaaaa2178c1639641bb1711ddddddd44266164,NEGATIVE
8aaaaaa2976bbbbbbbbbb33663cccc544dd822291,POSITIVE
9675aaaa4133218cccccccccc64b72253ddddddd8,NEGATIVE
4aaaaa197283753c791642bbbbbbbb87129ddddddddd431,NEGATIVE
6816a6287224cccccc62685bbbb587dddddddddd2691,NEGATIVE
4237737938aaaaaaaaa54bbbbbb119cccccc3879dddddddd98,POSITIVE
7251389aaaa227c4252637bbbbbbbbbb535745379ddddd1481,NEGATIVE
15715815aa728bbbbbb7569cccc88999dddddddd388891153,POSITIVE
16258118aaaaaa4424694bbb1ccc447213429d94,POSITIVE
3751aaaaaa872417ccc3bb485891ddddddddd7791479645,NEGATIVE
3564aaaaaaa736bbbbbbbb259746847cccccccc924275ddddddd8238,POSITIVE
183523154aaaaaa1224382732cccccc8384bbbbb7923dddddddddd625,NEGATIVE
18174aaaaaaaaa9525766579cccccc364339741bbbbbbb899731894ddddddd133472,NEGATIVE
536874a146635977bb127cccccc454dddddd54,POSITIVE
41571843aaaaaaaaa9bbb1143845199ccc9668dddddddd67651,POSITIVE
17557aaaaaaa6c57152494bbbbbb48897717ddddd7591263491,NEGATIVE
6217a6586436798ccccccc812694785bbbbbb49675dddddd689361787,NEGATIVE
975aaaaaaaaa28344919bbbb2cccccccc8821229dd367236378,POSITIVE
6537753aaaaaaaaaa26949bbbbbbbb441281159cccccc743956dddddddddd38889,POSITIVE
66765923aaaaa9729159bbb4345994197cccccccc667ddddddd3315357355,POSITIVE
77aaaaa244935bbbbbbbbbb9368219cccccccc743766391ddddddd766278971,POSITIVE
418aaaaaaaaa7311838255b3ccccccc2716327ddddddddd31956161,POSITIVE
9293aaaaaaaa879274bbbbbbbbb454463cccccc96dd75497313,POSITIVE
9272223669aaaaaaaaaa2814196627ccc5939bb232ddddddddd35,NEGATIVE
1794aaa79436ccccccccc634263bbb21dd4358858886,NEGATIVE
3655325aaaaaa527156253ccccccccc38869bbbbbbbbbb945831ddddddddd63,NEGATIVE
8576884249aaa8625ccccccccc269628bbbbbb5ddddddddd458,NEGATIVE
9aa128678276cccccc957bbbbbbbb518338dddddddd946,NEGATIVE
5758257854aaaaaa1227b442cccccccccc21539d7,POSITIVE
346aaaaaaa3ccc134675963bbbbbbbb253852831dddddddddd15334911,NEGATIVE
55998aaa722632b8353876227c15dddd67736157,POSITIVE
589148aaaaaaaa377bbbbb33552cc3925553dddddd46,POSITIVE
3211564aaaaaaa991871828b32637cccc1dddddddddd6115571,POSITIVE
1964416129aaaaaaaaaa5554cc43bbb91ddddddd6592,NEGATIVE
275a63977bb5219ccccccc712581365d6,POSITIVE
5596533979aaaaaaaaa62697ccc36746348bbbbbbbbb72467699ddddd7,NEGATIVE
1456aaaaa5565461191bbbbbbbbbb6188965569c4dddddddd4441596,POSITIVE
538362255aaaaaa32ccccccccc9993363bbbbb34dddddddddd597288558,NEGATIVE
76651651aaaaaaaaaa92663772bbb377991399cc26412412dddddddddd14646116,POSITIVE
1955aaaaaa1532cccccccccc25411bbbb527923369dd2,NEGATIVE
595666184aaaaaaaa378bbb2133cccc5dddddd844,POSITIVE
121aaa293bbbbbb78ccccccccc3422ddddddd4472391874,POSITIVE
832711aaaaaaa781292bbb573cccccccc6685478ddddddddd825,POSITIVE
6747463692aaaaaaaaa82cccc256bbbbbbbbbb23248864dddddddddd88518571,NEGATIVE
53aaaaaaaaaa2885874ccccccccc9388266bbbb37578578dddddd7163,NEGATIVE
555898586aaaaaaaaa6693585148b4924645517cccccccccc15639dd38,POSITIVE
4967231171aaaaaaaaaa98cccccccccc18bbbbbbbb8678ddd93,NEGATIVE
91472428aaaaaa114374276bbbb5cc15343651d7979792956,POSITIVE
1338797aaaaaa6cc9184381bbbbbbbbb54846d42677692,NEGATIVE
79852aaaaaaaaa137442cccccccc213bbbbbb969174ddddddddd6151348,NEGATIVE
2949589a1ccccc245b1457382ddddd78998,NEGATIVE
547278aaa13bbbbb8897264465cccccc717ddddddd75,POSITIVE
534694768aaaaaa516552bbbb638134293cccccccc39213dd6211,POSITIVE
79877aaaaaaaaaa72775623c7496667bbbbbbbb3385848732ddddd926443316,NEGATIVE
12aaaaaaa53bb2439194498ccccccccc74578dddddddd72166,POSITIVE
9aaaaaaaaaa98577ccccccc195794bbbbbbbbb42686662ddddddddd8995938,NEGATIVE
524a6991228524cccccc76bbbbbbbb1316ddd67121,NEGATIVE
1983234593a4bbbbb322778711ccc3dddddddddd678167755,POSITIVE
586237aaaaaaaa576891452bbbbbbbb24cc12477dd69833,POSITIVE
84aaaaaaaaa21bbbbbbbbbb483ccccc75958457d172893598,POSITIVE
8353aaaaaaa7131ccccccccc5b837721994dddddddddd9879,NEGATIVE
54743836aaaaaaa6625628752bbbbbbbb19ccccc968662783ddddd3478,POSITIVE
8411814aaaaa34b6c7d515,POSITIVE
222aaaaaaaa3233777546bbbbbbbbb8ccc219556465dddd642743,POSITIVE
85aa3439221178bb838925492ccccc699ddddddddd39,POSITIVE
3664871aaaaaa77247465bbbbbbbbbb9ccccccc9648821ddddd3,POSITIVE
45827aaaaaaaaaa2237bbbbbbbbb44cccc7922972dddd3592,POSITIVE
275636958aaaaaaaaa8c7bbbbbbbbbb88888445dddd7466539349,NEGATIVE
129986111aa674bb2114746ccccccccc75367664ddddddd436684517,POSITIVE
82aaaaaa825223b23338cccccccc3dddddddd229447779,POSITIVE
986a7413163468bbb229c18585247ddddddddd8,POSITIVE
6374274aaa1578ccccccc65289b7171dddddddddd69,NEGATIVE
94775446aaaaaa8535662bbbbbbb1198142265cccc63dddddd1555893,POSITIVE
9419169372aaaaaaa7667667cccccc823bbbbbbbbb4342126ddddd79,NEGATIVE
35aaaaaaaaaa7cccc2433bbbbbbbb7842822448dddddd727756,NEGATIVE
2239aaaaaaaa6667ccc9bb725912ddddddd9445,NEGATIVE
624251aaaa9771779cccccccccc77259549b8676652dddd522168,NEGATIVE
14716538aaaaa196ccccccc21bbbbb355997dddd97,NEGATIVE
568aaaaaaaa7967494bbbbbb7156912cc527ddd183729,POSITIVE
7769aaaaaa93bbbb94436cccccc4984dddddddddd5166,POSITIVE
992525a681cccccccc185482357bbbb838ddddddddd3131649,NEGATIVE
475a28647922cc1bbbbbbbbbb4235dddddddd52976263,NEGATIVE
58aaaaaaaaa7bbbbbbbbbb636cccc582263152ddddd136,POSITIVE
615451126aa5bbbbbbbb3681cccccccc1932217866ddddddd7468424267,POSITIVE
8aa29cccccccccc1bbbbbbbbbb67512dddddddddd64286768,NEGATIVE
5688427616aaa936777379bbbbbbbb94cccc3654144ddddd993365,POSITIVE
34953195aa584537bbbbbbbbbb96423817c5dd989,POSITIVE
78aaaaaaaaa26bbbbbbbbbb7395281994cccccccccc877179649dddddd9288961,POSITIVE
1372a9349435bbbbbbb93ccccccc6597ddd43489,POSITIVE
96357aaaaaaaa267459ccccc124778675bbb78825657dddddd2124144,NEGATIVE
5aa24733bbbbbb7232825723ccccccccc6685dddddddddd1768252857,POSITIVE
8988461228aaaa371958932bbbbbbbb9735571ccccc5292633774dd934,POSITIVE
966473aaaaaa3233899bbbbbb7526ccccccccc719372dddd35343736,POSITIVE
37556aaaaaaaaaa54cccccccc8672bbbbb6661dd432455,NEGATIVE
44aaaaaaaa69949bbbbbbb563479786ccccccc223675224dddddd4388283943,POSITIVE
67795aaaaaaa8755bbbbbbbbbb981855967cc5d768338,POSITIVE
67915aaaaaaa36658683bbb55839c72372368ddd848,POSITIVE
494475aaa2224bbbbbbb43c393184978ddddddd2745449631,POSITIVE
3aaaaaa4264cc7656543bbbbbbb778715dd7362,NEGATIVE
499915aaaaaaa45cc83278481bbbbbbbbb1d42757414,NEGATIVE
96271aaa886ccccccc66237b312524545ddddd29824516,NEGATIVE
25668aaaaaa28b2ccccccccc2438169475dddddd7,POSITIVE
4126aaaaaaaaaa2bb9cccccc2ddd7673944287,POSITIVE
6712aaaaaaaaa1834287ccccccc3445244381bbbbbbbbbb53dddddd711,NEGATIVE
47977aaaaaaaaa796512cccccc8bbbb3dddddd6432733237,NEGATIVE
53245826aaaaaaaaa23bbbb4154438cccccc674473dd625,POSITIVE
8aa37565268cc4244881948bbbbbbb418495ddddd2532,NEGATIVE
9996973496aaaaaaaa92432425cccccc725376bbbbb758ddddddd2258675,NEGATIVE
3163aaaaa1467643bbbbbbbbb151857318ccccccccc98dddddddddd1483591597,POSITIVE
3158539453aaaaaaa45ccccc76146534bbb97d5376483,NEGATIVE
212aaaaa28753815ccccc2765331bbbbbbbbbb71968854ddddddd232193,NEGATIVE
85548aaaaaaaa7914595555c7127885794bbbbb98dddd83152817,NEGATIVE
457aaaaaaaa2776cccccc336bbbbbbbbbb8128269d6485377,NEGATIVE
34737495aaaa6521bbbbbbb4113456177cc3856399555ddddd21966955,POSITIVE
145a4976cc6bbbbbb5869478dddddd46493,NEGATIVE
6431864aaaaaaa4697632816ccc757342183bbbbbbbbb564484859dddddddd9621284266,NEGATIVE
4699763525aa6792862516cccccccccc8852881bbb189458887ddd99,NEGATIVE
9864985236aaa44842421bbbb356979619cccc12762213d511668,POSITIVE
34aaaaaaaa759317187bbbb911569365cccc99dddd789672647,POSITIVE
7358436aaaaaaaaa6151cccccc918675973bbb153459213ddddddddd5647699,NEGATIVE
947552743aaaaaa741bb4642439495c93dddddddddd8,POSITIVE
733aaaaaaaaaa66cccc11779bb142d1,NEGATIVE
613872267aaaa5758416397cccccccc287683bbbbbbbb846ddddd87655,NEGATIVE
364a332189b32266423cccccc33479593dd5766247848,POSITIVE
398648181aaaaaaaa746737853c335961bbbbbbb62685dddddd5447261814,NEGATIVE
298aaaaaaa9bbb7799329cccccccc91863674dddd811338,POSITIVE
13aaaaaaaa3676592744ccc7b36163dddddddd95295,NEGATIVE
295144aaaaaaaaaa36432632b54128612cccccccc216315ddddd68782,POSITIVE
993aaa2737131bbbbbbbb7664458995cccccccc338642622dddddddddd486867,POSITIVE
7682787aaaaa38119ccccccccc98298483bbbbb4846839ddddd9798576,NEGATIVE
2391413953aaaaaaaaaa1121cccccccccc6414bbbbbb75217236ddd8,NEGATIVE
6aaaaaaa17856547bbbbbbbb98ccc428524dddddd72856631,POSITIVE
99958784aaaaaa36775ccccccc444326294bb52237774dddddddd43,NEGATIVE
544a269135364cc93bbb1316492379dd7529,NEGATIVE
1aaaaaaaaaa47771cccccccccc2186825bbbbb47824ddddd525869,NEGATIVE
27aaa8ccccccccc1843317bbbbbbbbbb6333482623dddddddd71,NEGATIVE
8aaaaaa4179cc7bbbbbb1417889681ddddddd8799735,NEGATIVE
3232135739aaaaaa786296778cccccccc4938333bbbbbbbbb87935ddddddd5322,NEGATIVE
6563348644aaaaaaaa95826684bbbbb427cccccc535183ddd25586756,POSITIVE
47814a5424352416bbbbbb6717292ccccccc18dd5,POSITIVE
768aaaaaa81135726bbbbb6ccccc944893dddddd861,POSITIVE
39318aaaaaaaaaa8353bbbbbbbbbb125579537c46dd24452634,POSITIVE
977844aaaaaaaaa177bbbbbbbb195688245cccccccc9ddd6548,POSITIVE
1595223aaaaaaaaaa68647ccc1178674bb634dddd688,NEGATIVE
5856651aa7484c765737bbb6713818143ddddddddd5359523,NEGATIVE
4692989aaaaa19bbbbbbbb2365142c68d559617825,POSITIVE
13216a166993bbbbbb43663279c9715947662ddd1558571,POSITIVE
216558aaa47721bb335899197cccc645317dddddddddd4418881,POSITIVE
6448851aaaaaa8521426827bb66276621cc45676ddddddddd222,POSITIVE
5113444aaaaaaa49ccccccc8bb951537ddddddd16198,NEGATIVE
228843557aa72372729ccccccccc4762827bb447169115dddddddd9586232278,NEGATIVE
582aaaaaaa79cccccccc56b35587dd58113,NEGATIVE
8596aaaaaa233289cccccccccc416bbbbb79dddddddddd93,NEGATIVE
478939aaaa9946ccc32136477b466ddd7275883,NEGATIVE
23aaaaaaaa35558bbb54cccccccccc262d876634718,POSITIVE
7883721961aaa63739461ccc124727564bbbbb4915514745ddd25698,NEGATIVE
146514aaaa631789bbbbbbbb458c92996ddddddd516,POSITIVE
8476aaaaaa6495637bbbbbbbb61483ccccc932dd85,POSITIVE
43378513aaaa6cc383399bb1418dddddddddd34714,NEGATIVE
21173aaaaaaaaaa6883225bbbbbbb5cccccccc4555869146d2,POSITIVE
434aaaaaaa298cc93456bbbbbbb5591128132d28,NEGATIVE
7556aaaaaaaaaa9177bb45cccccccc13361ddddddddd279,POSITIVE
999524184aaaaaaa432431864bbbbbb11994336c46d218275,POSITIVE
4924569aaaaaaaa541bbbbbb18cccccccccc9464151dddddddd978464766,POSITIVE
9aaaaaaaaa33926142ccccccc547952bbbb1372879348dddddddddd269462679,NEGATIVE
7aa1bbbbbbbbb76763891ccccccc8318615911ddddd415631359,POSITIVE
127315aaaa7ccccccccc28bbbbb144ddddddd68498475,NEGATIVE
6121aaaaaa195376c97374bbbb5ddd8348479638,NEGATIVE
6237367aaa6953276155ccccccc984bbbb8393d617,NEGATIVE
713368aaaaa297bbbbbbbbbb591357638cccccc671953187dddddd8,POSITIVE
2535aaaaaa78598bbbbbbb5987995216cccccc69dddddddd4955,POSITIVE
1188512978aaaaaaaaa97bbbbbbbb585485861cccccc278914698dd8318864133,POSITIVE
837867aaa5382473c264223bbbbbbbb39745637dd847,NEGATIVE
555a896bb8624214ccccc28ddddddd588,POSITIVE
2353119494aaaa89cccc449255665b9dddddddd9,NEGATIVE
48396935aaa837174937b2699131411ccccc387571dddd89729562,POSITIVE
9753957aaaa92997124c1593176bbbbb6125422937dddd25433212,NEGATIVE
4181aaaaaa63634ccccccc36116bbbbbb93376469d52,NEGATIVE
31245767aaa8681516557bbbbbb7784631cc5644223557ddddd42371,POSITIVE
91aa35577154ccccccccc5942436bbbbbbbb1111923ddd481,NEGATIVE
27629812aaa4222ccccc415bbb313629112ddddddddd9937586,NEGATIVE
4a72bbbbbbbb371793873ccccc65329885ddddd1986994779,POSITIVE
216126aaa43bbbbbbbbbb15269649ccccccc16765dddddddd949216,POSITIVE
5161867137aaaaa33625479bbbbbbb51281ccccccccc484693ddd1786392719,POSITIVE
35786765aaaaaaaa698bbbbbbbb145cccc24277dddddddd1,POSITIVE
84aaaaa37287ccccc429133992bbbbbbbbbb77849144dddddddddd9,NEGATIVE
1722638783aaaaaa878bbbbbbbb3c936984644dddddd645793255,POSITIVE
928696171aaaaaaaaaa79732ccccccc299bbbbbbbb47ddd1532738,NEGATIVE
58661aa938152cccc1bbbbbbbbb6298dd15,NEGATIVE
591749aaaaaaaaaa1141757493bbbbb5374ccccccc783428ddd415331,POSITIVE
6613aaaaaaa421cccccccc773348bbbbbbbbb5dddddd4826,NEGATIVE
746558772aaaa6995941933cccccccc5216184283bbbb943ddddddd423,NEGATIVE
73194a9316bbbbbb6391ccccccc4dddddd84,POSITIVE
6893837913aaaa6bbbb685286ccccccc44ddddddddd1831238919,POSITIVE
1234aaaaaa64cccc4bb916dddddddd313629893,NEGATIVE
8aaaaaaaaa213ccc74933584bbbbb1dddddd1928576669,NEGATIVE
49aaaaaaaa18247448cccccc87bbbbb696ddddd293588483,NEGATIVE
33aaaaa231216544bbbbbbb2757ccccccccc8413555ddd3334513954,POSITIVE
499885635aaaaaaaa82bbbbbb7281471448ccccc15712438dddd532,POSITIVE
6aaaaaaaa175bbb32978cc7261194552dddddddddd931492619,POSITIVE
848547285aaa59751cccccc3983276b671234198dddddddddd7417,NEGATIVE
8253197a3756656853cccc784888625bbbbb445719883ddddddd521961116,NEGATIVE
5647963aaaaaaaa324742767bbbbbbbbb7539151cc65dddddddd27946671,POSITIVE
449aaaa5ccccc925bbb841ddd622637,NEGATIVE
59213331aaaaaaaaa75343199ccccccccc4552131bbb21768ddddddd722564,NEGATIVE
259625184aa6153992496bbbb39873cccc775dd15328,POSITIVE
4aaa341664ccc8416b5811ddddddd646515397,NEGATIVE
182152aaaaaaaaaa19891ccccc66bb3961972ddddd9592168737,NEGATIVE
1a6396939835cc461844bbbbbb74ddddddd733321655,NEGATIVE
3124685aaaaaaaaaa81725869bbbbbbbbbb2cccc49ddddddddd513283154,POSITIVE
8aaaaaaaaaa9bb211581cc42dd8426,POSITIVE
472344a982747c56392bbb577dddd737351,NEGATIVE
3961aaaaaa5bbbbbbbb2964c5397691153dd4837621163,POSITIVE
381aaaaaaa64871cccccccccc31327374bbbbbbbbbb9971849dddddddd6173114,NEGATIVE
471126aaa722bbbbbbbbb32ccccccc845627165dddddddddd9315872676,POSITIVE
912841a17899857cccccc612257813bbbbbb41184751dddd936239,NEGATIVE
832395197aaaaaa99ccccccccc74561bbbbbbbb9151dddd5579,NEGATIVE
42aaaa688746816ccc3756372bbbbb34574852dd561693276,NEGATIVE
125aa63192739ccccccc3159874146bbbb968749274ddddddddd6552,NEGATIVE
4a8617ccccc68861168bbb541736469ddddddddd9437826,NEGATIVE
267958aaaaaa4869787458bbbbb2249787cc16668386dddddddddd512533781,POSITIVE
24aa118171345ccccccc884754496bbbbbb293ddddddddd14,NEGATIVE
9aaaaa659554778bbbbb6345cccccc1812ddddd7,POSITIVE
92963656aaaaaaaa46527bbbbbb6152692ccccc96696ddddddd182,POSITIVE
262191aaaaaa9298192959ccccc878593142b11ddddddd77795,NEGATIVE
883738462aaaaaaaaa25411125cc94318134bbbbbb9212583ddddddddd7383156,NEGATIVE
859362112a13954bbbb4842294cccccccccc455954988ddddddd959,POSITIVE
68aaaaaaaaa7111ccc851237224bbbbbbb8dddd7223752,NEGATIVE
176aaaaaaa714212973bbbb626141ccccc749dddddddddd42326,POSITIVE
96799aaaaaaaa4668bb322844ccccc44ddddd68,POSITIVE
9936365a65881bbbbb714cc661198dddd42368,POSITIVE
368aaaaaaaaaa3bbbbb2732391632ccc675959dddddddddd2667,POSITIVE
178aaaa4169848169bb96ccccccc17dddddddddd2886483215,POSITIVE
8884814795aa56cc48959839bbbbbbb949782913ddddddd22,NEGATIVE
24948a4654bbb6616cccccc53731748dddddddd59483,POSITIVE
44782229aa285cc678216bb1486692dddddd6143,NEGATIVE
1aaaaaaaaaa76663179bbbbbbbbb62846ccc995419dd4425,POSITIVE
9498252aaaaaaaaaa4574cccccc1786794b6dddd7662,NEGATIVE
6454697aaa456ccccccc3169921781bbbbbbb988467ddddddddd9319855,NEGATIVE
1973a7bbbbbbb48194cccc3424754891dddddddddd5741619,POSITIVE
213814632aaa3444592bbbbbb519395137cccccccccc862d1479,POSITIVE
6aaaaaa9347445594cc8327bbbbbbbb691dddd48635,NEGATIVE
855aaaaaaaa84c718614b636581dddddddddd35565534,NEGATIVE
4966373a919ccccccccc36bb184921265dddddddd659386,NEGATIVE
4255aaaaa42ccccccccc48169bb835284d9991,NEGATIVE
4554aa1ccccc628357932bbbbbb1dddddd1964337,NEGATIVE
5aaaaaaaaa8cccc587148bbbbb628ddddd6243,NEGATIVE
14673398aaaaaaaa641953cc1253bbbbbb718852694ddddddd27927739,NEGATIVE
365348aaaa8bb4748cccccccccc9474dddddddddd18154686,POSITIVE
3aaaaaa8863398b744621cccccccccc7469ddd139,POSITIVE
4a9685cccc8863736bb7487dddddddd83144879,NEGATIVE
6552481aaaaa574444ccc353b7dddd31947848,NEGATIVE
6739197613aaaaaa755417bbbbbbbbb213947731c443152ddddddd6489966815,POSITIVE
34826158aaaaaaaaaa38171756bbbbbbb41791814ccccccccc694385dd26,POSITIVE
64486465aaaaaaaa17887173c65bbbbbbbbb1567385ddddddddd499,NEGATIVE
2782aaa6759398bbbbbbb5524cccccccccc5199854ddd299588792,POSITIVE
1725542714aaaaaaaaa1157bbbb9724371cccccccccc7783ddd69,POSITIVE
5aaaaaaaaa358235679bbbbbbb7713799731ccc8851dddddd836318288,POSITIVE
835aaaaaaaa199919934ccccccc366261139bbbbbbb563135474ddddd592,NEGATIVE
612aaaaaaaaa4752884ccccccc953932726bbbbb351726dddd345871,NEGATIVE
9871aa4bbb41848cccccc694dddddddddd7727,POSITIVE
78398175aaa97493238cccccccc27724797bbbbbbb446296377dd42864636,NEGATIVE
3a48c99516b754775656dddddddddd2224,NEGATIVE
41883a419581c981bbbbbb22482769ddddddd22,NEGATIVE
41aaaa6cccccccccc5852b15674858dddddddddd49712833,NEGATIVE
95672533aaaa38528bbb363411415ccccccccc99525561dddd21774484,POSITIVE
37aaaaa7425bbbbbbb2184779ccccc9629ddddddddd76,POSITIVE
592225aaaaaaaaa33953bbbbbbbb8191254439cccccc871dddd5252488447,POSITIVE
8aaaaa61cc3565958469bbbbb1568272dddddddddd4881335,NEGATIVE
551218aaaaaa2347bbbbbbbbbb8358ccccccccc6813dddddd5655259,POSITIVE
1181526427a944bbbb3cc1574746dddddd53627542,POSITIVE
935441313aaaaaa57bbbbbbb27ccc5584ddd7122658,POSITIVE
8613aaaa6bbb29459446c9d2299,POSITIVE
491229145aaa3551bbbbb85997cccccc9223177584ddddd6999513,POSITIVE
7896278aaaaaaaaaa3899673367bbbbb587382cc95713863dddddd815766,POSITIVE
3aaaaa9571582637ccccccccc652b75ddddd62313111,NEGATIVE
11aaaaa3ccccccccc2751543bb873dddddd163,NEGATIVE
873aaaaaaa8413814876bbbbbbbbbb25179165c963ddddddd53,POSITIVE
2911637aa5681962242ccc267542545b656ddddd1851,NEGATIVE
94171879aa8396294572bbb7853937cccccc24ddddd5,POSITIVE
662126996aaaaa34ccc15bbbbb81618ddddddd7,NEGATIVE
55162799aaaaa9349bb3647832c7dddddddd91664,POSITIVE
593aaaaaaaaa25225bbbbbbbbb9755534cccccccc9866229dddd37376,POSITIVE
3aaaaa52cccccccc382bbbbbb76ddddddd24965,NEGATIVE
4452491756aaaaaaa5917bbbbbb139157ccc714249ddddddddd62,POSITIVE
6aaaaaaaa3b2914359cccccccc3665134565dddd667,POSITIVE
9a2137255b74c58d75326,POSITIVE
7779295124a9c41838938bbbbbb475817885ddd3911,NEGATIVE
8aaaaaa44958932bbbbbbbbb9395ccccccccc8769935dddddd7,POSITIVE
2aaaa133723cc3781465717bbb625646786dddddd7382372,NEGATIVE
4623416885aaaaaaaa2231429941cccc1921634149bbbbbbbbbb2284ddddd92196694,NEGATIVE
5297379796aaa6953bb4689397ccccc21ddddd8441,POSITIVE
161aaaa63687295ccccc2227114bb134488dddddddd114186488,NEGATIVE
99588aaaaaaaa764bbbb39455ccc3634357dddddd1,POSITIVE
7aaaaa5878cc35857bbbbbbbbbb5737517628dddddddddd42436,NEGATIVE
9595aaaaaa1ccc56378878bbbbbbb192615ddddd493774,NEGATIVE
143261493aa6bb361285cccccccccc47dddddd82475928,POSITIVE
61417aaaaaaaaa31182773bbbbbbb998cccccc9569ddddddd757992583,POSITIVE
92923aaaaaa3844333bbbbb8ccccccc9931147383ddddd6686737,POSITIVE
3793985134aaaaaaaaa6186527221cccccccc24465243bbbbbb7ddd7922,NEGATIVE
674148aaa447777322cc9177246827bbbbbb424132dddd645692786,NEGATIVE
7aaaaaaaa497bbbbb9422824347cccc55824558ddddd811845,POSITIVE
2263299617aaaaaaaaa58822c1966267368bbbbbbb6dd63,NEGATIVE
7aaaaaaaaaa77249755cccccc66495211bb9dddd9984877451,NEGATIVE
1238319aaaaaaa61bbbbbb4cccc7dddd72319,POSITIVE
1759aaaaaaa1bbbbbbbb836523769c1ddddd412,POSITIVE
1112aaaaa851563bbb2cccccccccc7494754dd7734,POSITIVE
165aaaaaa36423cccccccc748511bb4578973ddddddd793,NEGATIVE
386791578aaaaaaaa791bbbbbbbbb1648739898cccccc2843ddddd174,POSITIVE
6aaaaaaaaaa6ccccccc7198bbbb5548595891ddddddd818,NEGATIVE
86aaaaaaaa99722ccc1283bbbb193969dddddddddd3911434,NEGATIVE
2422295646aaa69bbbbbbb3368cccccccccc277ddddd58,POSITIVE
732196362aaaaaaaaaa761152729c878bbbbb6436544ddddd761989729,NEGATIVE
7568772aa92bbbbbbb65946ccc1716322d879949,POSITIVE
54aaaaaaaaaa29976bb9879815162c3568d7,POSITIVE
97897582aaa7712ccccccc17bbb4673dddddd4965866849,NEGATIVE
138712838aaaaaaaa2976ccccccccc4587bbbbbbb3149ddddddddd251869,NEGATIVE
728558252aaaaaaaaa4c6bbb346631ddd6926344511,NEGATIVE
1aaaa6764ccccccccc65825625b453531ddddd313833598,NEGATIVE
9827429aaaaaaaaa75419691cccccc8351324b647498374ddddddd55251,NEGATIVE
6153927aaaaaaa7cccccccccc283234bbbbbb1dddddd4,NEGATIVE
665998893aa167934275ccccccc2777b465dddddd453,NEGATIVE
94488698aaaaa73268742bbbbbbbbbb624cccccc3316988dddddddddd618,POSITIVE
984139aaaaaaa491cccccc8948bb5518ddddddddd529138,NEGATIVE
83347181aaaaaaa5cccc3517897bbbb3949397dddddddd327,NEGATIVE
798a34528bbbbbbb45cccccccccc8229123dddd865337699,POSITIVE
1aaaaaaa4841443825cccc4838b146dd48638,NEGATIVE
46946366aaaaaaaaa212377cccccc491348bbbbbbbbb47dddd1179935,NEGATIVE
17532387aa3742b47333cc7131512516ddd1521422,POSITIVE
2aaaaaa1698ccccc8bbbbbbbbb4335137811ddddd21172,NEGATIVE
9465186aaaaaaaaaa69962ccccccc4216bbbb127488ddd3581991867,NEGATIVE
7786424aaaaaaa8687813c49bbbbbbbb153437dddddddd94389,NEGATIVE
7115aaaaaaaaaa2213191cccccccccc984344bbb247836517ddddd4324,NEGATIVE
353595525aaaa24598461bbbbb64616216cccccccc6ddddddd828,POSITIVE
3751733aa348876b6952147384cccccccc39348dddddd91792697,POSITIVE
8aa93676993cccccccc134876143bbbbb823634dddddd9866,NEGATIVE
5781aaaa676cc548532bbbbbb834822ddddddddd935417,NEGATIVE
688869973a458739941cccccc3284977497bbbb24287dddddddddd1361,NEGATIVE
6aaaaaaaaa6cccccccccc936bbbbbbbbbb44524ddd3,NEGATIVE
21518aaaaaaa3235314612ccccccccc751bbbbb44ddddddddd93225,NEGATIVE
494246aaaaaaaaaa6cccccc6312713bbbb49635dd58,NEGATIVE
51312aaaaa175493165bbb8469549ccccc7dddddd7719856867,POSITIVE
6767565496aaaaa6231117cccccccccc2468448472bbbb556868ddddddddd16129,NEGATIVE
9763258924aaaaaaaaa1996779cccccccccc535bb81347249dddddddddd7635,NEGATIVE
845165939aa7934cccccccccc35bbbbbbbbb37646dd67211,NEGATIVE
722aaaaaaaaa7472173cccc1879949789bbb71478dddd5452355,NEGATIVE
68455aa2937348bbb262278c3814dddddddddd76,POSITIVE
37243289aaaa27616974cccccccc651bbbbbbbbbb7585dd959,NEGATIVE
7734337957aaaaaa2cccccccc61bb6526ddddddddd7,NEGATIVE
612196124aaaaa761cccc65223bbbb83496ddddddd6672979999,NEGATIVE
7322878aaaaa38152bbb8898831cccccccccc813346631dd442283,POSITIVE
7aaaaaaa78cc496913635bbb56172267dddddddddd8773352,NEGATIVE
49898615aaaaaaa37c9692894bbbbbb918dddddddddd96339398,NEGATIVE
73aaaaaa663784bbbbbbbb6913915ccccc14826567ddddd3152571476,POSITIVE
7829525521aaa169982bbbb4565ccccccc4ddddd2654715,POSITIVE
2aaaaa23441913cc6699bbbbbbb4894dddddddddd994,NEGATIVE
75665aaaaaaa613bbbbbbbbbb897275851ccccccc384721311ddddddd36794,POSITIVE
953683616aa1981917852bbbbbbbbbb451132ccccccccc875238555dddddddddd474177999,POSITIVE
67aa547653bbbbbbb235928213ccccc582d688,POSITIVE
912634222aaaaa63973853bbbbbbbb738cccc6651525ddddddddd19574786,POSITIVE
124aaaaaaaaa9ccccccccc955931855bbbbbbbb1461547dddddd4394433,NEGATIVE
629aaaaaa35996ccccccccc64bbbbbbbb1863ddddddd296,NEGATIVE
29aaaaaaa44934327bbb67743355cccccccc887ddd19,POSITIVE
787529aaaa36ccccccccc73bbbb474ddddd377,NEGATIVE
77876aaaaaaaaaa396bbbbbbb67cccccccc1233792dddddd1568862,POSITIVE
36aaaa7326bbbbbb247ccccccccc866215338dddddddddd833,POSITIVE
8197392aaa217719ccccccccc38b8131914ddddddddd781737,NEGATIVE
89aaaa7bbb4793ccccccccc439942218dddddd73293,POSITIVE
42aaaaa197588384c97bbbbbbb75ddddddddd4125,NEGATIVE
598488185aaaaaaa82481bbbbbbb24992935ccccccc7743dddddddddd8714,POSITIVE
4767451aaaa9599cccccc6814317bbbbbbbbb3ddddd48,NEGATIVE
97724786aaaa7599bbb384585cccccccccc888254437ddd2,POSITIVE
915699aaaaaaaaa766326bbbbbbbb12ccccc445996379ddd7538327795,POSITIVE
629597aaa2583227918bbbbb22767cccccccccc8dddddddd2298,POSITIVE
19aaaaaaaaaa7565112bb9321127ccccc635111ddddddd56246,POSITIVE
192639781a73112cc2231243bbbbbbbbb2757dddddd81643278,NEGATIVE
7739786574aaaaaaa2392887895bbbb551966427cc3ddd3566948,POSITIVE
694916522a2782547bbbbbb5747448629ccccccc131366dddddddd6936949,POSITIVE
6775878aaaaaaaa332155cccccccccc33bbbbbb171ddddddd36,NEGATIVE
751aaaaaaaaaa838bbbbbb329442158ccccccc94dddddddd3712,POSITIVE
568762189aaaaaa2452458151bb8338ccccc176dddddd869,POSITIVE
9988471aa9757bbbbbbbb6cccc65432669dd6,POSITIVE
72875394aaaaaaaaa51661bbbb9838276789cc6ddd82482653,POSITIVE
681784aa2877c3b484485474ddddddddd515229574,NEGATIVE
46aaaaaaa28355449cccccc384bbbbbbb18482dddddd92319255,NEGATIVE
36aaa9bbbbbb233ccccc3d4373141,POSITIVE
97958937aaaaaaaaaa95959118cccccccccc16537bbb5d821642,NEGATIVE
54453aaaaaaa2193ccccccc915bbb7315827116dddd16367426,NEGATIVE
9376aaaa68164954cccc5bbb95656dddddddd8,NEGATIVE
8497364692a4596343514bbbbbb17828ccc48ddddd1,POSITIVE
1851a622225bb6cc7435479543dddd934,POSITIVE
78328417aaaaaaa64bbbb34631422c871553819dddddddd72884559,POSITIVE
4981562339aaaaaaaaaa5189ccccccccc9559492969bbbbbbbb6dddd4,NEGATIVE
839472aaaaaaaaa938ccccc1835573bbbbbb9ddddd5443,NEGATIVE
8489aaaa7325141558cc58564311b4112457835dddddddd91,NEGATIVE
8aaaaaaaaaa557439639bbbbb8cccc76775ddddd4918,POSITIVE
4282aa268231852ccccc474338bb766435441ddddddd761366,NEGATIVE
8393aaaaaaaaaa8586875ccccccccc115633bbbbbbb3684581791d18356627,NEGATIVE
4945992474aaaaaa989c861768349bbbb96762275ddddd314,NEGATIVE
9497224aaaa928bbb1293cccccccc211385617dd3636,POSITIVE
3aaaa63643422c174157667bbbbbbbbb2673175181dddddddd7865,NEGATIVE
3827aaaaaaaa3845391213cc2744bbbbbbb6274dddddd517745,NEGATIVE
3716aaaaa78b8786622954cccccccccc266dddd976,POSITIVE
3339155aaaaaaaa3772597bbbbbbb74241394cccccccc424352934d6549,POSITIVE
14aaaaaaaaaa176315cccccccc82563488bbbbbbbb145156199ddddddddd5674927,NEGATIVE
1454241a8994cc7418bbb114944dddd194,NEGATIVE
139742342aaaaaaaaa481138488bbbbb422ccccccc6925588d529842,POSITIVE
43861aaaaaaa83265465bbbbbbbbbb8759186cccc948275ddddd142231,POSITIVE
5aaaa7225cccccccccc243bb7216797733d565683783,NEGATIVE
8626743965aaaaaaaa93538cc114458632bbb9362dddddddddd28799,NEGATIVE
6481aaaaa3cc688bbbbbbbbbb5ddddd1,NEGATIVE
8923a6556923164bbbbbbb1899ccccc32124692dddddddddd735,POSITIVE
4567377156aaaaaaaa678678289bbbbbbbb7849ccccccc946dddddddddd42218551,POSITIVE
581545aaaaa299b8521ccccccccc29274dddddddd6646,POSITIVE
242a3bbbbbbbbbb229ccccccccc79ddddd797464485,POSITIVE
187311aaaaa691789cccccc8654bbbbbbbbbb375112852ddddddddd3178675,NEGATIVE
377192378aaaaaaaaaa65598852cccc738bbbbbb4229244ddddddddd851928126,NEGATIVE
127875aaaaaaaa753bbbb27668c5247374648d563293736,POSITIVE
7933245673aaaaaaa523bbbbbbb4742382352cc6171935dddddd8528957,POSITIVE
425221aaaaa895ccc1b428472dddddd95664692,NEGATIVE
733668531aaaaaaa46ccc32791234bbbbbbb31dddddddd2925,NEGATIVE
5853a27bbbbbbbb582663153ccccccccc412ddddddd3,POSITIVE
56aaaaa253ccc675296bbbb3667284dddddd1414915,NEGATIVE
1154aaa9745227bbbbbbbbb5942c34844ddd31,POSITIVE
64aaaa762712bbb25895375cc2457439284ddddddddd4,POSITIVE
4496611aaaaaaaa8939ccccccc81279bbbbbbbb736dddddd51889,NEGATIVE
5356719aaaaaaaaa7352cc1744bbb9369ddd13285,NEGATIVE
7256558137aaa122984cccccccccc3881bbbbbbbbb2247963dddddd9141127,NEGATIVE
4aaa744159125bbbbbbbb688542371ccccc21384d427,POSITIVE
98aaaaaaaa5585246788b363379896cccccccccc877885159ddd434527279,POSITIVE
7188428aaaaaaaaa6614159bbbbbbbbb335ccc967263dddd117292325,POSITIVE
359aaaaaaaaa46ccccccccc199225823b12d4,NEGATIVE
22942693aaaaaaaaaa5866894184c8335971469bbbbbbbb8343ddddddd2277,NEGATIVE
32aa2442292bbbbbbbbbb8cccccccc639474dddd422615,POSITIVE
98314aaaaaaaaa7bbb779745183cccccc4141ddddd72948319,POSITIVE
7327198aaaaaaaaaa584cccccc5765bbbb6643561121dddddddd94777,NEGATIVE
22aa387264441ccc43bbbbbbbbb572654423dddddd3,NEGATIVE
41558744aaa6ccccc6216436bbbbbbb821243dddd4352127593,NEGATIVE
1486396aaaaaaaaa7127688652bbb22ccccccccc184436169ddd9,POSITIVE
327aaaaaa34cccccccc5785bbbbbbbbb731787dddddddd4642725661,NEGATIVE
617714aaaa25ccccccc244277bbbbbbbb164ddd6522,NEGATIVE
96951aaaaaaaa64712c25575bbbbb174dddddddddd54656629,NEGATIVE
2649783aaa4845454ccccccccc446bbbbbbb296718656dddddddd2469385,NEGATIVE
2883458662aaaaaaaa64bbb55967ccccccccc8856219dd6596635,POSITIVE
991aaaa953cccccccc81329bbbbbbbb992939151dddddd564,NEGATIVE
1aaa8758cccccccccc671378bbbbbbbbbb87254ddddddddd89364416,NEGATIVE
1621aa2486591bbbbbb283255777ccccc88ddd545,POSITIVE
9311aaaaaa6844521819cc15bbbbbb46dddd56319,NEGATIVE
4493aaaaaaaa82413739cccccccccc48bbbbbbbbbb1d95415182,NEGATIVE
2652354224aaaaaaaaa5ccccc91939187b355192ddddddddd26825,NEGATIVE
76aaaaaaaaa174bbbbbb19128ccccccccc38441628ddddddd7379817154,POSITIVE
9528317279aaaaaaaaaa779384346cccc7623933984bb4ddddddd745,NEGATIVE
33462348aaaaaaaaaa836bb66327ccc56175ddddd821159,POSITIVE
15776994aaaaaaaaa59813cc9bbbbb71dddddddddd48128896,NEGATIVE
329862a827752bbbb87cccccccc3456724531ddddddddd9,POSITIVE
66628aaaaaaaa265118325b7858454589cccccccccc513dddddd21,POSITIVE
179aaa48359ccccccccc1bbbb4216dddddddddd3,NEGATIVE
63aa419cccccc3964bbbbb78dd473,NEGATIVE
793aa8825371684bbbbbbbb29ccccccc599d7925,POSITIVE
1642299aaaaaaaaa3656326bbbbbbbb61ccc7785dddddddd993,POSITIVE
6328719aa4544545174ccccccc31976bbbbbbbbbb317ddddddddd3298354698,NEGATIVE
8a396427cccccc864725872bbbbbb4ddddd6286,NEGATIVE
483a992ccc7368358946bbbbbbbb76972ddd314,NEGATIVE
56631966aaaa6491226528bbbbbb7362226115ccccccc92716327dd85281156,POSITIVE
59891458aa5b9586979cccc5519359dddddddddd92,POSITIVE
199443aa7215965216cccccccc42157bbbbbbbb369dddddddddd9779,NEGATIVE
53658171aaaaaa5723929678bbbbbbb516ccccccccc34d7195996537,POSITIVE
29aaaaaa459259ccc7194675bbbbb2dddd2581986,NEGATIVE
86216aaaaa33bbb633984c6972315ddd25,POSITIVE
352499934aaa82169ccccccc2744327bbbbbbbbb7634238ddddd24831373,NEGATIVE
39695aaaaaaa227ccccc7bbbbb738281ddddd661377,NEGATIVE
31a1cccccc86517bbbbbbbb4712389dd517966582,NEGATIVE
543312669aaaa2ccccccc628bbbbb711dddd848517,NEGATIVE
8382798879aaaaa9cccccc616895bbbbbbbbb66dddddddddd7717,NEGATIVE
6aaa54822cccccccc82327831bbbbbb21699131ddddd5456754,NEGATIVE
372aaaaaaaaaa6434693688bbbbbbb444641448ccccccccc36776273ddddddddd761,POSITIVE
77482185aaaaaaaa8652473bbbbbb448438cccccc93ddddddd8799135,POSITIVE
7aaaaaaa637386bbbbbbbbb6c64461534ddddddd5455,POSITIVE
64813aaaaaaa3cc3bbbb27139793ddddddddd259482,NEGATIVE
47aaaaaaaa366841685cccccccc474463813bbbb74dddddddd3,NEGATIVE
7667141aa933467cccccc1729bbbbbbbbbb4974615179ddddd5837,NEGATIVE
397aaaaa38ccccc99bbbbbbb8229ddddddd4515767,NEGATIVE
14971aaaaa58cccccccccc4bbbbbbbb2d95122,NEGATIVE
8321266384aaaaaaa6ccccc359bbbbbbb24dddddd438,NEGATIVE
88314323aaa4436953853bbb35ccccccccc553275dddd4687229,POSITIVE
1556717893aaaa1927563941bbbbbbbbbb43965ccc3dddd7,POSITIVE
5192995158aaaaa432c268983246bbbbbb19831854ddddddd745525174,NEGATIVE
616369aaa2cccccccccc662bbbbbbb42763dd316488,NEGATIVE
497491aaa7747ccc423555272bbbbbbbbb223693ddddddddd95875113,NEGATIVE
456135aaaaaaaa722bbbbbbb2456889ccccccc34266ddddd3523778,POSITIVE
5674aaa91656743cccccccc588bbbbbbbbbb564395825dddd344,NEGATIVE
63116612a2bbbbbbbbb1375692cccc2895641ddddddd7816,POSITIVE
95341872aaaaaaaaaa76341ccccc6923bb6d4242523,NEGATIVE
8554866aaaaaaaaa446576bbbbb2961cc9666179ddddddd44535273,POSITIVE
659923187aaaaaaaaa13bbbb319246ccc1531333386d542742,POSITIVE
995573aaaaa937629151cccccccc162bbbbbbbbbb3639668864ddddd29546,NEGATIVE
7398666aaaaaaaa8323bbbbb894541552ccccccc5167dd937656116,POSITIVE
9aaaaaaa5cccc3bbbbbbbbb786d7,NEGATIVE
49aaaaaaa35bbbbbb418528cccccc854473d126,POSITIVE
827992553aaaaaa74475ccccccccc582bbb634288518ddddddddd26,NEGATIVE
392aaaaaaaaaa925ccccccc5bbbbbbbbb8dddddddd74858539,NEGATIVE
559aa946936417cccccc67bbb1115ddddddd1,NEGATIVE
426417351aaaa1649225cc45b36241dddddddddd6,NEGATIVE
9282275269a97ccccccc7419714bbb1124dddddd758193,NEGATIVE
782229892aaaaaaa5139777bbb9542cccccccc8422396ddd519116,POSITIVE
385338a9192cccccccc3675786728bbbbbb95ddddd13375935,NEGATIVE
4949aaaaaaaaa462948cccccccccc8614bbbbb98535ddddd894,NEGATIVE
1137741935aa6ccc6144199957bbbb61313dddddddd45469,NEGATIVE
2942425624aaaaaaaaaa41ccccc54968bbbbb73423542ddddd88,NEGATIVE
6626aaa4445179ccccc983739737bbbbb925744ddddddd683374,NEGATIVE
7369aaaaaaaa76974bbbbbbbbb241411571ccccccccc88d362953646,POSITIVE
34141aaaaaaaaa5816285427cc34249bbbb85dddddddddd639735461,NEGATIVE
2414661aaaaaa9835465646cccccccccc618bbbbbbb23426dddddddddd6,NEGATIVE
346545aa6394227441cc947863118bbbbbbbbb92453977d81218,NEGATIVE
15a5565743bbbbbb2237134216cc9ddddddd38456112,POSITIVE
3299996878aa6cccccccccc152199766bbbbbbbb3728195796ddddd9,NEGATIVE
7576198aaaa76427bbbbbb79cc9786273666dddddddd193716,POSITIVE
64956aa5793cccccc94838248bbbbbbbbbb46ddddddddd211317475,NEGATIVE
86866aaaaaa91574927ccccccccc31731bbbbbbb88ddd8527921,NEGATIVE
642773139aaaa7791684cc519188967bb665834648dddddddd14,NEGATIVE
7aaaaaaaaaa981591435ccccc4833874bbbbbb691dddddddddd546628,NEGATIVE
67aaaaaa4cccccccc25928bbbb5546769ddd28199,NEGATIVE
212aa757215567b26cccccccccc7191799dddddddd386538912,POSITIVE
25226aaaaaaaa734bb1263ccc5287622ddd3,POSITIVE
63aaaaaaa492721cccccc1bbbbbbbbb3345467dddddddd271749519,NEGATIVE
321aaaaa686156349b985757ccccccc7116746dddddddd534149527,POSITIVE
68aa35343756b2931398588c786dddddddddd955831492,POSITIVE
76676515aaaaaaaaa2633249214bbbbbbbbb5ccccccccc846964ddddddddd89973649,POSITIVE
9257982aaa692146ccccc9565bbbb685383873dddd9,NEGATIVE
73a593763696c5695628bbbbbbbb39749dddddd5,NEGATIVE
53539aaaa43bbbbbb96cccccccc4385416dddddddddd15826,POSITIVE
1aaaaaaa6999869c9132876bbbbbbb915dddddd319883,NEGATIVE
11871aaaaaaaaaa63586cccccc166488845bbbbbbbb9771dd581,NEGATIVE
2794831644aaaaaaaa1584462945cccccccccc3455bbb7dddddddd579433,NEGATIVE
8876aa584cccc64272335bbbbbbb887dddddddd147889311,NEGATIVE
5198594195aaaaa856529ccccccc5611b56988748dddddd412151,NEGATIVE
8593356421aaaa1987728bbbbbb7854296ccccccccc34d7,POSITIVE
2916aaa2184334996cc7789644bbbbbbbbbb13854d7829928,NEGATIVE
1942169751aaaaaa42bbbbbbbb7549ccccccccc947519dddd52148,POSITIVE
28314aaaaaa79bbbbbb49964cccccccc57245548dddd416422476,POSITIVE
6197178aaaa99765846bbbbb3ccccccccc787328126ddddddd763523,POSITIVE
1113aaaaaa3862cc24384bbb7328dddddddddd9472688618,NEGATIVE
84674415aaaa394356cccc812622561bbbbb85149385ddddddd46438851,NEGATIVE
3836aaaaaa89bbbbbbbb63762cccc4562966547dd251,POSITIVE
45aaa1c78bbbbbbbb5731563922dddddd716128,NEGATIVE
2711238812aaaaaaaaaa17918951c2474261793bbbbbbbb26136946ddddd91852275,NEGATIVE
163aaaaaaaaa39bbbbb846ccc691319dddd8851,POSITIVE
91864282a764128242bbbbbbbbb5911776cccccc1549316638dd5641,POSITIVE
32aaaaaaaaa271473144bbbbbbbbbb72926357cccccc5dd3,POSITIVE
241544671aaaaaaaa639bbbbbbb7ccc9147315217ddd92,POSITIVE
5aaaaaaa352cccccccccc665bbbbbbbbbb1676527ddddddd359785,NEGATIVE
61aaaaaaaaa192995461bbbbb443539ccccccccc213d16,POSITIVE
74881aaaaaaaaaa9826778659bbbbbbbbbb5136812281ccccccc861925427ddddd36124,POSITIVE
8649aaaaaaaaa8667844886ccccccc6984916bbbbbb592dd4343926341,NEGATIVE
85816396aaaaaaa1148212676ccccccc2713856bbbbb985ddd997,NEGATIVE
8148855a49bbbbbbbbb4399285cccc779216dddddddddd63642,POSITIVE
4424766aa7155136127cccccccc85981289b1743781399ddddddd95529,NEGATIVE
5356aaaa8448c13bb545615dd5879587873,NEGATIVE
793193816aaaaaaaa191322522bbbbbbbb1446965ccccc44622ddd6,POSITIVE
896aa252295675cccccccccc2924182367bb693782ddd718493298,NEGATIVE
679a72bbbbb41cc726555317dd86393939,POSITIVE
2aaaaa3ccccccccc4bbbb1572137dddddddddd6292581483,NEGATIVE
55975766a16468178ccccccccc2627169948bbb58dd4128143588,NEGATIVE
174694aaaaaa7139426cccccccccc1399558bbbbb8722915dddddddddd236514,NEGATIVE
416792228aaaa21634bbbbbb659cc66718539d9,POSITIVE
138573aaaaaaa15177bb9953963ccccc1dddddddddd925,POSITIVE
81867639a8514118bbbbbbbb7749cccccccc2357229774ddd5,POSITIVE
755aaaaaaaaaa49724581bb2352ccc85ddd485548,POSITIVE
22935235aaaaa5735b16349417c2dddddddddd56951,POSITIVE
4517aaaaaaa8528713642ccc5975474bbbbbbb45297ddddd19512,NEGATIVE
8751481aa8ccccc2453bb951646ddddd4537,NEGATIVE
758aaa72632293cccccccccc72288211bb348dddddd5,NEGATIVE
2699838764aaaaaaaa24cccccccccc1874782295bbbbbbbb86213dddddddddd325144,NEGATIVE
3897187aaaa3177cccccccc53164917bb3ddddddddd755,NEGATIVE
58aaaaaa459cccccc5351394787bbb893171dddddddddd5527755,NEGATIVE
579188aa31693ccc6156983352b33838ddd1289973726,NEGATIVE
44972976aaaaaaa6572ccc8963396617bbbb8542437dd47399,NEGATIVE
778947aaaaaaaaa12185969b8cccccc95123dddd61699,POSITIVE
134493aaaa24252cccccccccc6442b5758638dd38,NEGATIVE
4655aaaaaa8b27292ccccccc18773387ddddddddd117,POSITIVE
564aaaaaaaaaa172298534cc217bb77dddddd85,NEGATIVE
5a2321916cccccccccc29374b9dddd85663,NEGATIVE
18561aaaaaaa54cccccccc962713bbbbbbb3544ddddd1575,NEGATIVE
621aaaaa652597758c1969bbbbbb4124287ddddddddd169694,NEGATIVE
185785aaaa6819696135bbbb796492ccccccccc49dddddd5698471,POSITIVE
6aaaaa7151273347bbbbbbbbbb269184cccccccc594359dd6,POSITIVE
598a7523ccccccccc86946592bbbb6151d16593428,NEGATIVE
767621aaaa6852cc85bbbbbbbb9655381759ddd9585861669,NEGATIVE
98865a185bbbbbbb97832cccccccccc38594dddddd38343283,POSITIVE
7585473656aaa13158896ccc2263bb5951155954ddddddd5652284795,NEGATIVE
2363278348aaaa649654823cccccccc498b7691925242dddddddd9713,NEGATIVE
6421aaaaaaaa221225bbbbbbbbb5329372266cc335166195dddddddd3,POSITIVE
2412919431aaaaa864ccccccccc3bbbbbbb561876dddd6573,NEGATIVE
5742162716aaaaaaaaa6975341bbbb249c89778774dddddddddd5926674128,POSITIVE
587993aaaaa7296ccc4755384bbbbbbbb1822348564dddddddddd177264,NEGATIVE
27455246a619931bbb11713cccc9421ddddddd872862866,POSITIVE
965252aaaaaaaa67986347bb21ccccccccc7dddddddddd9255,POSITIVE
2425285aaaaaa829161772ccccccccc1bbbbbbbbbb68486432ddddddd9788176,NEGATIVE
936129aaaaa87bbb54798cccccccccc52641397dddddddddd3843861,POSITIVE
8434821aaaaaaa4217bbbbbbb922419cccccccc651174376dddddd3426,POSITIVE
44646967aaaaaaaaaa4223bbbbb6889c2459434ddddd994173229,POSITIVE
7457676918aaaaaa11588182b64861955c764199dd24574,POSITIVE
87934415aaaaaaa546442337cccccccc6516927644bbbbbbbbb336893941ddd3472,NEGATIVE
7aaa7167ccccc872bbb73925674dddddddd47814,NEGATIVE
869aaaaaaaa35bbbbb18644674ccccccc6654324647d267,POSITIVE
915aaaaa9985c71597214bb8152418897ddd6494656,NEGATIVE
372535aaaaaa5556ccccccc5782566b592dddd21118,NEGATIVE
475234647aaaaaaaa731339c9221bb5558dddddd42,NEGATIVE
519565495aaaaaaa4974727187cccccccc1436281bbbb365469799ddddddddd464,NEGATIVE
14535aaa89856bbbbb69146cccc5ddddd63338,POSITIVE
12aaaaaaa9359cccccccccc84188944bb99459667dddddd9,NEGATIVE
2591988635aaaaaaaaaa9697863243ccccccc78bb379ddddddd145,NEGATIVE
32aaaaaa58978979cccc958bbbb4dddddddddd26,NEGATIVE
54aaaaaa9453cccccc9166bbbbbb114855dddddddd1212,NEGATIVE
868149529aaaaaaaa9635772ccccccccc5189753721bbbbb9957444d8,NEGATIVE
69539582aaaaaaaaaa893939bb5835cccccc7726ddddddd359,POSITIVE
74aaa8562152ccccc21493635bbbbbbbbbb28ddddd1577921,NEGATIVE
149aaaaaaaa942bbbb594994142ccccccc6589dddddd6579,POSITIVE
11891aa592411cccccccc295696819bbbbbbbb586874ddddd874,NEGATIVE
36328372aaaaaa974173cccccccc2947bbbbbbbb97ddddd4913,NEGATIVE
8196117aaaaaaaa448448467cccc2127267b563ddddddd3514,NEGATIVE
95aaaaa53328bbbbbb9924399498cccccccccc1ddddddddd88523797,POSITIVE
13918aaaaaaaa3cccccccc47932562bbbbbbbbb13784dd39,NEGATIVE
8aa7296525b89745ccccc731dddddd996735289,POSITIVE
764678111aa2981bbbbbb58334cccccccc84775ddddd8411875,POSITIVE
3195812a454624353bbbbbbb6c6787211932dddddddddd559275,POSITIVE
2353316554aaaaaaaa18753389bb2699523621cccccccccc17936835dd17586,POSITIVE
552517aaaaaaa983368bbbbbbbb592945cccccccc4155ddd8427265136,POSITIVE
614817aaaaaaaaa44786746ccc5752254bbbbbb4642dddddddd5911,NEGATIVE
93418aaaaaaaaaa21387927ccccccc35bbbbbbbbb54544742ddd86466,NEGATIVE
53aaaaaa241bbb16922861cccccc823d615,POSITIVE
546256aaaaa3213285bbbbbbbb2263ccc12779ddddddd413,POSITIVE
6aaaaaaa6715351841cccccc7472624bbbbbbbb4dddddd83299547,NEGATIVE
8aaaaaaa3112197373b319668cc263879dddddddddd48,POSITIVE
2865517792aaaaaaaa73414ccc54126154bbbbbb276582811dddddd222,NEGATIVE
48424aaa984521154bbbbb6884143cccccc9627765712ddddd355,POSITIVE
5846155772aaaa7289251154bbb7283473858ccc9ddd531546673,POSITIVE
6423961876a5244598cc288bbbbbbbb9445ddddd355157995,NEGATIVE
287aa776814cccccccc94853628bbbbbbbb668d6465753255,NEGATIVE
4714234aaaaa93616cccccccc112334bbbbbbbbbb5553875ddddd383899685,NEGATIVE
4aaaaaa8bbbbbbbbbb1417ccc686762dddd51762732,POSITIVE
1aaaaaaa94585cccc56bb6131ddddd79719,NEGATIVE
2137316aaa249bb8553cc19446dddddddddd5,POSITIVE
3245237263aaaaa333281bb661138233cccccccccc593dddddddd8,POSITIVE
9445794aaa831787794bbbbbbbbb48357cccccccccc1d5145,POSITIVE
245aaaaaaaaa1561959bbbbb7238cc1262645884dddd6831518,POSITIVE
2596aaaaa51292316bbbbbbbbbb1683ccc61526881ddddddd184,POSITIVE
7971294aaaaaaaaa5215cccc3376987772bbbbb84dddddd563,NEGATIVE
2199745394aaaaa158885cccccccc1bbbbbbbbb3878949956ddddddddd539,NEGATIVE
15253aaaaaa46cccc27bbbbbbb5534ddd2845,NEGATIVE
46759aaaa218cccccccc43bbbb8dd9,NEGATIVE
56447aaa89731467ccccccc89bbbbbbbbb6781dddd9,NEGATIVE
1587642aaaaaaaaa59683822ccccccc26514573bbb9642dddddddd37,NEGATIVE
1aaaaa76cccccccccc5bbbbbb99542448dddddddd6,NEGATIVE
97627aaaaaaaa8cccccccccc54385bb764242d71615439,NEGATIVE
854626aaaa632bbbbbb6249261753cc8572d17811,POSITIVE
47622aaaaaa38bbb2444156467cccccc757dddddddddd56,POSITIVE
342214a39417bbbbbbbbbb891cccccccccc91282382ddddd6675216,POSITIVE
8454aaaaaaaa77439212bbbbbbbb83863ccccccc4913872ddd76521959,POSITIVE
636861932aaaaaaaaaa392266479bbbbbbb188476716c9166dd24855,POSITIVE
9132aaaaaaaa29cccccccccc3614768bbbbbbbbbb6ddddddddd57,NEGATIVE
25919aaaaaaaaaa457ccccccc66233bbbbbbbbbb848462195dddddddd9,NEGATIVE
876981aaaaaa11464992bb3ccccccccc959827d6,POSITIVE
19aa783295327bbbbbbbb8538633cccccccccc9238dddddd375764,POSITIVE
893555396aaaaaaa6252bbbbbbbbb7376489c1dd47,POSITIVE
33aaaaaaaa41513cccccc8634b386d71,NEGATIVE
71685245aa86554bbbbbbbbb87156cccccc8294612779dddddddddd651845,POSITIVE
7732986aaaaaaaa2cc2524bbbbb5255dddddddd85418176,NEGATIVE
36aaaaaaa9bbbb65ccccc329375893ddddddddd648291691,POSITIVE
24572614aaaaaa3176291175bb9588194568cccccccc6334ddddddddd876256,POSITIVE
1661942aa5787219657bb737873c2425ddddd785364858,POSITIVE
74463185aaaaaaaa8679358562ccccc81971855bbbbbbbbbb275537dd127823,NEGATIVE
2563238938aaaaaa454ccccccccc3428534bbbbbbbbb574dddd742,NEGATIVE
2261aaa815bbbbb44ccccccccc4736828555dddddddddd262,POSITIVE
8725aaaaa814bbbbbbbbbb69395cccccccc642142424dddd449621935,POSITIVE
7919818aaaaaaaa1483171637ccc1386826bbbbbb61649dddddddddd3,NEGATIVE
81aaaaa8884386cccccccc87bbb548ddddddd336297,NEGATIVE
16aaaaaaa91617954bbbbbbbbbb258ccc552dddddd7692567,POSITIVE
91947835aaaaaa8766384ccccccccc8348399392bbbbbbbbb95944dd6937,NEGATIVE
16aaaa392bbbbbbbbb2883286cccc86891ddddddd17799749,POSITIVE
6aaaaaaa1694937935cccccc9bbbbbb52349dddddddd2677,NEGATIVE
612449aa477453bbbbbb3cc6514694ddddd8742165364,POSITIVE
27582aaaaaaaaa25c5655bbbbbbbbb6752ddddd745592117,NEGATIVE
7273464298aaaaaaaa92433ccccccccc7784471568bbbbbbbbb3525dddddddddd81969143,NEGATIVE
664aaaaaaaaa14918389cccccccc14bbbbbbbb443ddd758,NEGATIVE
133322939aaaa15bbbbbbbbbb7964856561c88ddddd122673477,POSITIVE
758531953aaaaa7997926ccccccc8239448bbbb173ddddd236,NEGATIVE
8144631821aaaaaa689bbbbbbbbbb169398cccc454776ddddddd83891,POSITIVE
35aaaaaaa979587613ccccccc7532274bbbb8dddddddddd8513934,NEGATIVE
43aaaaaaaa862952bb5987245cc93915ddddddddd6656791663,POSITIVE
8aaaa17ccccccccc443691bbbbbb611ddddddddd546221,NEGATIVE
5aaaaa369715688cc448194bb7592ddddddddd5943,NEGATIVE
583722aaaa57143bb545cccccc5814d3266265948,POSITIVE
27786aaaaaaaa4bbbb14441cccccccccc7594578dddddddd25954,POSITIVE
977544a994784778bbbbbbb316425ccccccccc231498d583925849,POSITIVE
24913167aaaaaaa4454ccc275682174bbbbbbbb1913651593dd95844,NEGATIVE
1131aaaaaa978888415bbbb55543463c7313415ddddddddd4981,POSITIVE
8741338aaaaaaaaaa78882ccccccccc55372b29747dddddddd397,NEGATIVE
5878716981aaaaaaa6786618bbbb86191ccccccc7574413926ddddddddd653,POSITIVE
1aaaaaaaaaa524911bbbbbbbbb9939699959ccccccc768ddddd273499,POSITIVE
586449aa693b36273c215124817ddddddddd87773762,POSITIVE
64471aaaaaaa361c239213bbbbbb6142ddddddd849832,NEGATIVE
858986aaaa321747cccccccc528834658bbb7244563d73,NEGATIVE
62522aaaaa498bbbbbbbb3124681cccc1ddd51,POSITIVE
112211a956cc74bbbbbbbbb7796253879ddddddddd6768,NEGATIVE
11559aaaaaaaa41837cccccccc3961953bbbbbbbb954493ddddddd47954,NEGATIVE
3229378721aaaaaaaaaa4683797774cccccc148848bb412dddddd98,NEGATIVE
931668aaaaaaaaa5735578685bbbbb245653ccc59748773ddd563,POSITIVE
8561aaa314686bbbbbbb5419ccccc367844ddddddddd829778,POSITIVE
33196aaaaaaa513734bb2596c667799dd46138672,POSITIVE
19431a85379bbbbbbbbbb6256cc992216dddddddd7884184414,POSITIVE
965748489aa19367bbbbbbb5189739cccccccc5242911633dd948366812,POSITIVE
93aaa746177ccccccccc6946871bb6711117ddddddddd9775,NEGATIVE
25714144aaaaa51823722cc13bbbbbbb4128ddddddd81,NEGATIVE
39138aaaaaa87bbbbbbbb8328897383cccccc1662963dddddddd2722748,POSITIVE
62aaaaa643185541bb2376ccccccccc9263537dddddd11872213,POSITIVE
6aa165bb14479ccccccc96dddddd1,POSITIVE
7284763284aaaaa69819284b693cccc497862451ddd686934997,POSITIVE
1429127a3348597cc54924421bb826153491ddddddd55,NEGATIVE
459295aaaaaaaaa74954cccccccccc74686343bbb52286dddddd51662,NEGATIVE
4aaaaaaaaaa2714121648cccccccc96818bbbbbbb513ddd627,NEGATIVE
9269987941aaaaaaaaa293bbbbbbb737293217ccc731921128ddd847,POSITIVE
8aaaa483631348ccccccccc75bbb8895289122ddd7613839994,NEGATIVE
6281416768aaaaaaaaaa166132298cc227177345bbbbbb6dddddddd4,NEGATIVE
5639aaaaaaaaa397698334b9625377464cccccccccc576491dd83,POSITIVE
68484975aaaaaaaaaa3996bbbbbbbbb9322cccccc4ddd227,POSITIVE
82aaaaaaa66b5cccccc54948ddddddddd97233,POSITIVE
792544aaaaa78bbbbbb487c27ddddddddd95952,POSITIVE
5534669a315286274ccccccc54149bbbb126dddddddddd27269694,NEGATIVE
9aaaaaaaaaa2318446ccccccccc78283269bbbbb274258354dddddddd7,NEGATIVE
315838882aaaaaaa363936958ccccccccc8b6593dddddddd38,NEGATIVE
619435aaaaaaa8688958118ccccccc57249bbbbbb26847ddddddd5678,NEGATIVE
4898326aaaa5527616bbbbb9ccc98d157797724,POSITIVE
45aaaaa29566cccccccc1133bbbbbbb57317229ddd633624961,NEGATIVE
28aaaaa41721bbbbb4474311cccccccc647484dddddd6891,POSITIVE
4935253657aaa96585279bbbbb998423ccccc2263713348ddddddd9867227,POSITIVE
9258215aaaaaaaaa1713695c4626784167bbbbbbb326694dddddd336295,NEGATIVE
1965aaaaaaaaa596bbb39442cc69256313ddddd5349289,POSITIVE
75aaa319578ccccccccc7144938163bbbbb938ddddddd78135287,NEGATIVE
3214494625aaaa546745ccccccccc955541185bbbbbb76196dddddd713,NEGATIVE
615334266aaaa558325464bbbbbbbbb9ccccc12174dd81576926,POSITIVE
7aaaaaaa896626134cccccccc3bb2429ddd2396162,NEGATIVE
4738aaa16bb74322ccccccccc7726112191ddd9425,POSITIVE
124aaaaaaaaaa92bbbbbb51587cccccccccc3398174dddddd14219759,POSITIVE
47841324aa7186b26cccccccc94962ddddd9721698911,POSITIVE
2193821aaaa95166cc6bbb362987544dddddddddd9,NEGATIVE
681692aa46431cccc8939bbbbbb46599ddddd2229535855,NEGATIVE
6954878872aaaaaaaa2cccccccc3399457bbbbbb359153ddddddd7,NEGATIVE
96929aaaaaa171681bbbbb6813564938cccccccccc74415472d8,POSITIVE
9818927aaa759b31684cccccc249524448ddddddd18662525,POSITIVE
3184aaaaaaaaaa16bbb8324875877cc9426dddddddddd1339,POSITIVE
84745aaaaaa385445765bbb96927656ccccc549882368d29868,POSITIVE
4361637aaaaaaa8716bbb5ccccccccc6898759dddddddd112447516,POSITIVE
7117317aaaaaa148cccccc81313bbb845789358d79796,NEGATIVE
92aaa8845818bbbbbb9c4836286242ddddddd126,POSITIVE
1aaaaaaaaa2cccccc6813bbbbbb92dd49328487,NEGATIVE
6811682395aaa99368281cccccccc223bbbbbbbbbb145644d232922,NEGATIVE
754661aaaaaaaaaa68857bbbbbbbbb198352726ccc6615767dddddd53,POSITIVE
2675582a7bbbbb977ccccc1368752446ddddddddd998466,POSITIVE
3895877aaaaaaaaa17544ccccccccc79176b488119dddddddd241,NEGATIVE
6aa6537c7726978191bbbbb49225232ddddddddd47525814,NEGATIVE
6583118aaa1138ccccc3bbbbbbbbb592ddd8533,NEGATIVE
3116993aaaaaaa9bbbbb877cccccccccc3123255729dddddddd764813,POSITIVE
2848948aaaaaaaa161bbbb195c988791d553,POSITIVE
97a29858959bbbbbbbbbb71391ccc5687183455ddddd476982155,POSITIVE
7aaaaaaa8182288bbbb5916878682cccccccccc62dddd6253876,POSITIVE
95aaaaa6c9834b834621dddddddd564734469,NEGATIVE
72aa27696375b3786686ccccccccc363718ddd34923224,POSITIVE
63416677aaa4231365538b1359519418ccccc184dddddddddd5961,POSITIVE
2593a88172cccccccccc7852bbbbbb73983949dddddd5181558967,NEGATIVE
1134a452bbbb56cccccccc83554d4481,POSITIVE
254aaaaaaaaa273cccccccccc639bbbbbb722434dddddd753,NEGATIVE
556949aaaa253294999bbbbb6994935611ccc6289dddddd2372529198,POSITIVE
237991291a865513cc6811467789bb8ddddddddd6981362,NEGATIVE
2aaaaaaaaa15bbbbbbbbbb3ccc414429392ddddd291742,POSITIVE
4787521aaaaaaa329ccc7bbb7226476dddddddddd3315893473,NEGATIVE
6785837937aaaaaaaa5871814bbbbbbbbbb4466ccccccc35dddddddddd325255929,POSITIVE
532579266aaaaaaaa39457cccccccccc256387769bbbb144748dddddddddd244493316,NEGATIVE
659aaaaaaaa51cccc267bbbbbbbbb657dddd24974,NEGATIVE
1aaaaaa96b5749cccc5779324dddddddd7566867,POSITIVE
116582675a48437cccccc2387162678bbbbbbb581735644ddd4187747486,NEGATIVE
889157157aaaaaaa688bbbbbb32c24753ddd68,POSITIVE
2596626949aa5bbbb65311cccccccc72326328ddd8,POSITIVE
85aaa542494623cccccc4911bbbbbbbbb777514422ddddd773697614,NEGATIVE
46545aaaaaaa1888bbbbbbb4234695ccccc89dd49631,POSITIVE
685aaaaaa952264753cccccc4bbbbbbb4689dddddddd6534632553,NEGATIVE
14aaaaa83129863ccc673327662bbbbbbbb68dddd2745693949,NEGATIVE
219481122aa3443613bbbbbbbb352cccccc738356599dd841,POSITIVE
331aaaaaaa5719ccc69573813bbbbbbb858847ddd744861,NEGATIVE
6311828377aaaa3155cccccccccc14372162bbbbb74457dddd115577,NEGATIVE
622aaaaaaaaa756ccc2771bbbbbbb122583316ddddddddd81355619,NEGATIVE
44a8632382649bbbbbbbb6c891825299dddddddddd5223354,POSITIVE
8292265aaaaaaaaaa369242bbbbbbbbbb351219ccccc7525871dddddddddd3488181869,POSITIVE
5aaaa8bbbbbbbbbb856919ccccccc6586dddddddddd15728245,POSITIVE
992aaaaaa533bbbb377655cccc44657dddd36,POSITIVE
39211aaa56697bbbbbbbb3723644ccccc747d492642446,POSITIVE
652257aaaaaaa974233366c1944881bbbbbbb134711ddddd9,NEGATIVE
68aaaa354546432bbbbbb15395ccccccc5932ddddddd3891,POSITIVE
14926aaaaaaaa26882272ccccc53194bb65732486ddddddd841182,NEGATIVE
2886aaaa91bbbb724492cccccc899176ddddddddd9373,POSITIVE
3442857aaaaaaaa425986ccc97bbbbbbbb8ddddddd8727627,NEGATIVE
31451aaa917cc2944337bbbbbbbbb3923618ddddddddd285,NEGATIVE
87aaaaaa3826ccccc649bbbbbbb6175858883dddddddddd688997,NEGATIVE
12aaaaaaaa143ccccc9442337156bbbb6dddddddd8,NEGATIVE
138aaaaa312276357bbbb311ccccccccc36ddd799515593,POSITIVE
14582459aaaaaaaaaa65294151bbbb453139353cccc7328867dddd252676,POSITIVE
658638aaaaaaa15246972bbbbbbbbb8523cccc581953462ddd275363832,POSITIVE
1557aa3788627cccccc9171726578bbbbbbbbb7534ddddddddd383347,NEGATIVE
3297872934aa13335315bbbbb8431591874cccccc4199922ddddddddd19444,POSITIVE
21526288aaaaaaaaa7997ccc3bbbbbbbb74712319dddddddd1772461,NEGATIVE
631285146aa861682bbbb925454549ccccc595ddddd28616734,POSITIVE
846486aaaaaa755392ccc46284bbbbbbb718896756ddddd7,NEGATIVE
9295aaaa4694373566bbbbbbb251cc958291dddddddddd42742895,POSITIVE
552aaaaaaa254553586bbbbb957768cccccc2445367161ddd438131,POSITIVE
1aa92893ccccc392977bbbbbb54776666ddddd2,NEGATIVE
5332232375aa815ccccccccc769421bbbbbbb5882438767ddd398919,NEGATIVE
987a9ccc1915872bbbbb49246338ddddddd75784,NEGATIVE
7815472aaaaaaaaa5cccccc7361bbbbb21ddd756749329,NEGATIVE
8142aaaaaaaaa232331cccccc2251465bbb861dddddddd43,NEGATIVE
439197767aaaaaaa16532552b6897ccccccc554614125ddddddd37,POSITIVE
98aaaaaaaaa7ccccc12412984bbb873d44,NEGATIVE
7858aaaaaaaa49ccccc65b743ddddddd7415151154,NEGATIVE
3393aaaaaa967934bbbbbbbb5cc4519115ddddd351,POSITIVE
75426aaaaa411bb18ccccccccc2367779dd26791659,POSITIVE
9522971aaaaa4bbb31655cccccccccc494886968dddd56,POSITIVE
13aaaaaaaaaa565588cccccccccc2922544969bbbbbbbb2597492913dddddd5967216327,NEGATIVE
679687543a5134ccccccc3bbbbbbbbb7133593dd335847917,NEGATIVE
156764552a62bbbbbbbbbb959ccc6348321353ddddd375396,POSITIVE
58968a6ccccccccc28bbbbbbbbbb8949538749ddddd6696286989,NEGATIVE
7188923466aaaaaaaaaa32bbb81333ccccc64dddddddd8313713,POSITIVE
186aaaaaa798927bbbbbb24169396c4853643156dddd49478,POSITIVE
7a57b416362cccccccccc688d299987216,POSITIVE
143aaaaa385849573cccccccc83bbbbb3dddddddddd839861211,NEGATIVE
42311263a4153cccc7bbbbbbb593dd4,NEGATIVE
2272326aaaaaaaaaa353ccccccccc4bbbbbbbbb747167538d8822373,NEGATIVE
46279aaaaaaaa341572cc7794711729bbbbbbb723411112ddddd395486469,NEGATIVE
5aaa99166bbbbb537748cccc4533422dddddddd77,POSITIVE
9238495469aaaaa371967bbbb43871113cccccccccc667121594dddddd774,POSITIVE
9491231aa3479b4ccccccc445dddddd377871221,POSITIVE
84274a435951983bbb6673c13dddddddddd237,POSITIVE
22aaa65895677ccccccc249bbbbbb154dddddddddd519,NEGATIVE
267639a25847bbbb4653746cccccc7858452538ddddddddd8,POSITIVE
37315aaaaa9cccc3596862bbbbbbbb7478d3,NEGATIVE
8aaaaaaaa683811cccccccc598125126bbbbbb4284526233ddddddd2416,NEGATIVE
68aa6ccccccccc55993114bbbbbb58ddddddddd825869336,NEGATIVE
678aaa7815299486cccc1643716bbb5883323d728742,NEGATIVE
685154aaaaa333ccccccc891bbbbbb735748486ddd48,NEGATIVE
2517aaaaaa2252665314bbb1677767734ccccccccc749dddddd3544653556,POSITIVE
5244723197aaaaaaaa695bb723cccccccc864275585dddddddd72839326,POSITIVE
5847864aaa3ccccc235bbbbbbbb242ddddd9685735,NEGATIVE
8aaaaaaaaaa9343444232ccccccccc69956685bbbbbbbbbb9271522767dddddd8369,NEGATIVE
422aaa964287938ccc27827419b57654428d88731428,NEGATIVE
28955aaaaaa653156771c3bbb93ddddddddd558398,NEGATIVE
1aaaaaaaa82549119bbbbb2343cccccccc892ddddddddd6,POSITIVE
6552394aaaaaaaa59ccccccccc65bbbbbbbb972522ddd1668118856,NEGATIVE
1aaaaaaa32bbbbbbbbb98cccccc2dd6949246,POSITIVE
2227aaaa8874339939bbb5512596397cccccc63ddddddddd516,POSITIVE
113834aaaaaaaaa22bbbbbbb95cccccccc7279653d6632335611,POSITIVE
7534836aaaaaaaaa23ccc25bbbbbbbbb5dddddd86682648,NEGATIVE
778265856aaaaaaaa576735bbbbb5674ccc4dd644531,POSITIVE
786773319aa977bbbbbbb12514554c17dd4,POSITIVE
2416aaaaaaaaa7145cccc31112453bbbbbbb9dddddddd748263275,NEGATIVE
619aaaa6bbb295915692cccc987914ddddd1255491,POSITIVE
5145628aaaaaaaaa9928bbbbb817111388cccccccc4698611663dd942317,POSITIVE
789613aaa211cccccc856824947bbbbbbbbb998844574ddddddddd996,NEGATIVE
9763123aaaa2741476cccccccc1531bbbbbb9235dd293,NEGATIVE
9365525aaaa6897839463bbb2118641cc22611916dddddd782,POSITIVE
5aaaaaaaaa7859bbbbb4341987ccc2227555324dd57263342,POSITIVE
7aaa2cccc424587959bbbbbb5251882ddddd989464859,NEGATIVE
1852937aaaaaaaaa78987ccccc4957bbbbbbbbbb2682763523ddddd834122435,NEGATIVE
9414534211aaaaaaaaaa2bbb88189815cccc63771955dddddddd482547197,POSITIVE
282515aaaaaa116328bbbbbb43ccccccccc4828ddddddd266394,POSITIVE
32549731aaaaaa1851b4179951516cccccccccc643ddd645431668,POSITIVE
1958796761aaaaaaaa8ccccccc4525929b66ddddd52317,NEGATIVE
8793448aaaaaaaaaa788bbbbbbbbb528322448cc37279d2732856,POSITIVE
3319aaaaaaa328bbbbbbbbbb4863454744ccccc8643417865dddd92,POSITIVE
139125aaaa617bbb5578955cccccccc74ddddd1396128331,POSITIVE
7682aaa24394bbbbbb5cccc935ddd39214,POSITIVE
4476aaaaaaaaa46cccccccccc89284749bbbbbbb3153976399ddddd5497,NEGATIVE
48458922aa5139bbbb1243cc76749658ddddddddd4197394,POSITIVE
274244647a6312cccccccccc2574273311b9dddd51,NEGATIVE
823aaaaaaaaaa967cccccc26289bbbbbbbb53411478ddddddddd9,NEGATIVE
86aaaaaaaa8cccccccc536619319bbbbbbbbbb89867dddddddd49941296,NEGATIVE
68aa58793c87bb676933ddd38,NEGATIVE
8aaaaaa931173145bbbbb7421216834cccc738dd21851812,POSITIVE
1aaaaaa245799785bbbbbbbbbb86233642ccccccc24525768dddddddddd815,POSITIVE
37188aaaaaaa1cccccc9264786bbbb8733dddd4252266741,NEGATIVE
245971a6258631bbbbbbbbb9352851cccc592dddddd8442,POSITIVE
455957638aa41bb12362ccccccccc5dddddddddd84396259,POSITIVE
36aaaa258145832ccccc355364726bbbb13446157dddd78263959,NEGATIVE
6157829aaaaaaa54ccccc752895b65689935ddd9978,NEGATIVE
2411881418aaaaaaaaaa4528c66bb8289329615dddd5693,NEGATIVE
43491aa72335595bbbbbbb485986192ccccc633dddddddddd772,POSITIVE
37258aaaaaaaa9153b318873236ccccccccc796ddddddd969847,POSITIVE
84aaaaa81289417bbbb25913cccc2d187855,POSITIVE
184825613aaaaaa265637443bbbbbb51569797ccc36627ddddddddd67,POSITIVE
31a81318495bb22231654cccccccccc1638924ddddddddd161,POSITIVE
794917384a74cccc7347697bb198785dddddd88913,NEGATIVE
81aaaaaaaa173346bbbbbbbbb36739ccccccc22265ddddddddd18528332,POSITIVE
35735aaaaa446ccccccc927bbb377286dddddddd993266,NEGATIVE
56174aaaaaaa365656113cccc173138345b1777169791dddddd1116,NEGATIVE
11951899aaaaaaa87664bbbb181133519cccccccc67ddd9,POSITIVE
493aaaaaaaa6267298bbbbbbb76457cccccc91444452dddddddd932542862,POSITIVE
7135121514a634bbbbbbbbbb7ccccccc44192282dd879,POSITIVE
65aaaaaaaaa35213cccccc836971bbbbbbbbbb8162749dddddddddd91523557,NEGATIVE
6355143aaaaaaaaa5424522cc277461bbbbb354447854d2,NEGATIVE
3483aaaaaaaaa7825b23ccccccc19663ddddddddd33,POSITIVE
1941aaaaaaaaa541915487bbbbb7376cc1663269ddd35,POSITIVE
75aaaaaaa38681ccccccc689bbbbbbbb1d519,NEGATIVE
984894372aaaaaa52c2352419bbbbbb463dddddd724,NEGATIVE
464aaaaaaaaaa45247188bbbbbbbbb1961686586cc3585117d461821681,POSITIVE
1aaaaaaaa4bbbbbbbbb4cccc1891894171ddddd1945419921,POSITIVE
1aa3662933b361624411cccc99798d2621244,POSITIVE
48aa485ccc92684bbbbbbbbbb621363857dddddddddd15854,NEGATIVE
35587aaaaaaaaaa23273228cccccccc5977527bbbbbbbbbb8763dddddddd58781318,NEGATIVE
7aaaaaa54bb4214118975cccc3535dddddddddd69923159,POSITIVE
6565582842aaaaa33885666cccccccccc897bb83ddddd24131,NEGATIVE
33aaa37ccccccccc1bbbbbbbbb996255666ddddddddd5,NEGATIVE
133395535aa934119236cccccccccc6371b425969dddddddd7,NEGATIVE
55a92bbbbb82575cccccc6494793277ddddd449582,POSITIVE
456292781aaaaaaa722658bbbbbbbb1264ccccccccc51ddddddddd8,POSITIVE
2278546648a748745966bb76cc733dddddddd55593183,POSITIVE
7862894aaaaaaaaaa953696cccccc24bbbbb7162337d7143,NEGATIVE
79842aaaaaaaa3768565198cccccccccc458468bbb15451774dddddd8,NEGATIVE
27696aaaaaaaaaa7ccccccccc8bbbbbb46511684dddd7741681,NEGATIVE
48797aaaaaaa6163247636ccccccccc363568981bbbbbbbbb58dddddd27221,NEGATIVE
6174aaaaaaaa29971474cc15229957bb48713688d882364,NEGATIVE
216266611aaaaaaaaaa1452114112bbb59955594ccccc89ddddd5,POSITIVE
43aaa13825654bbbbbbbbbb868cccc58627ddddddddd9,POSITIVE
95489624aa713525ccc968795847bbbbbbb45994dddd7896213651,NEGATIVE
923527aaaa345684533bbbbbbbbbb85215733cccc46dddd33889168,POSITIVE
813843aaaaaaaaaa1131415977bbbbbbbb42553748cccc33787955dddddd3563,POSITIVE
3865623aaaa73128cc73797bbbbbbbb7718464dddddddd7713,NEGATIVE
6aaaaaaaaa453592859bbbbbbbb47ccccc8894548632d814925645,POSITIVE
57aaa145669338bbbb72ccccccccc7dd7247,POSITIVE
44222489aaaaaaaaa643bbb39cc983dddddddd23821833,POSITIVE
62332465aaaaa6179262484ccc74bbbbbb6369898ddd532,NEGATIVE
7598aa3768cccccccccc78bb2525751892dddddddddd2654165,NEGATIVE
577958116aaaaa3874973254ccc7594869765bbbb58626ddddddddd8,NEGATIVE
739324195aaaaaaaa8919257486cc34bbbbbbbb355255dd383538364,NEGATIVE
2947217443aaaaa3473858548b6944498cccc17889537dd82133,POSITIVE
96aaaaa251511b12cccc56dddddddd1836412962,POSITIVE
5595734a3591cccc42769864bbbb99dddd64,NEGATIVE
3822aaaa7cccc3bbbbbbbb2346ddddddd87252188,NEGATIVE
5a242747184bbbbbbb278c4461169dddd628,POSITIVE
25432aaaaaaaa3c49472bbbbbbbbb97872dddddddd8,NEGATIVE
761888478a6935978ccccc8622239bbbbbbbbb5487dddddddd779,NEGATIVE
691428244aaaaaaaaa1933828ccccc158126759bbbbbbbb1989ddddd5477,NEGATIVE
153aaaaaaaaaa52bb1414ccccc6736dd93246588,POSITIVE
672aaaaaaaaa246358166bbbbbbbb498cccccccccc667224172ddddddd725821,POSITIVE
78831989aaaaaaaaaa4173976cccccccc731bb833337ddddddddd28489552,NEGATIVE
6946aaaa3974582129cccccc85bbbbbbbbb28974dddddddd859355,NEGATIVE
59aaa36711ccccccc686bb1577948367dddd763,NEGATIVE
669822aaaaaaa9547955bbbbbb233c7618dddddd83,POSITIVE
448419aa49824339bbbb8241cc235ddddddd662536,POSITIVE
31169aaaaa4681cccccc4862476134bbbbbbbbbb811764d73235,NEGATIVE
12437735aaaa265617bbbbbbbb67689583cc514dddddddd829,POSITIVE
836aa59ccccccc2bbbbbbbbb2175dd19358,NEGATIVE
6aa768cccc5494319bbbbbbbb17631dddddddddd8938861,NEGATIVE
4aaaaa83cc6784923bbbb739386dddddddd96731261,NEGATIVE
9545443aaaaaaa7259852352bbbbbbbb485ccccccc3663611599ddd8729186,POSITIVE
78aaaaaaa4591815183bbbbbb1717962751ccccccc91ddddddddd7,POSITIVE
2aa942155138ccccccc95bbbbb262511341ddddddd246,NEGATIVE
43724aaaaa1ccc55bbbbbbbbb449733669dddddddddd934,NEGATIVE
259721aaaaaaaaa9367667716cccccc6479485b945742329dddddddddd364658,NEGATIVE
4aaaaaaaaa985cccccccc763984413bbbbbbb21352777ddd69517,NEGATIVE
8aaaaaaaaaa55294762c27898143bbbb449217272dddd974298924,NEGATIVE
9aaa28713836bbbb51431cccccccccc739659765ddddd8169873425,POSITIVE
189a58893526ccc93433bbbbbbbbb67dddd268954,NEGATIVE
484561651aaaa6bbbbbbbbbb4218cccc7ddddd841,POSITIVE
2aaaa441189bbbb2322cccccccc318ddd56532,POSITIVE
8445865aaaaaaaaaa8274bbbbbb6287484416ccccccc42261273d1,POSITIVE
226aaa6bbb9494233ccccccccc2253639769ddddddddd5249895676,POSITIVE
76733aaaa363752352b7ccccc55ddddddddd46,POSITIVE
6276146aaaaaaaaa82ccccc841241bbbbb511694ddd1814657578,NEGATIVE
33aaa9131ccccc1646bbb7185474663dddddddd99888137,NEGATIVE
3344528659aaaaaaa23bb85464c8dddd7716258,POSITIVE
9aaaaaaaaa73296563ccc8542766768bbbbbb4929dddd39925,NEGATIVE
9229781925aaaaaa7852961369bbbbbbbbbb921ccccc943293327dddddddd5,POSITIVE
933675178aaa239ccccccc8131774bb89199585dddd17,NEGATIVE
5852313aa7c72337bbbbbb5753415821dddddddddd3173839,NEGATIVE
386aaaaaaaa8184963bbbbbb253466773ccccccccc3897dddddddddd4,POSITIVE
675aaaa247968cccccccccc634bbbbbb3dddddddd31989196,NEGATIVE
88492223a13245128bbbb2833cccccccc239581582dddddddd2,POSITIVE
3aaaaaaaa26744ccc3b839dddddd65393592,NEGATIVE
32aaaa8866131bbbbbbbbb1339231241cccccccccc9ddddddddd951782,POSITIVE
92aaaaaa8ccc46354bbbbbbbb262dddddd14578,NEGATIVE
244aaaaa72244959bbbbb29ccc577ddd15398231,POSITIVE
222aaaaaa3b9133cc912125d1184911,POSITIVE
89aaaaaaaaa331c81758bb77558dddddddddd971,NEGATIVE
2232aa77526396ccccccc29315156bbb8534829dddddddddd714,NEGATIVE
6357648546aaaaaaaaa782316ccccc51526577bbbbb1388d667,NEGATIVE
63aaaaaaaaa987bbbbbbbb956574ccccccc93391d9617,POSITIVE
877335456aaaaaaaa285394638bbbbbbbbb9992ccccccccc4764334ddddddd657847361,POSITIVE
261aaaaa445459bbbbbb8186627ccccccc141838737dddd244336912,POSITIVE
5156186244aaa729589c47bbbbbb8937834831ddddd298,NEGATIVE
614aaaaaaaaa574ccccc766bbbb47ddd589189982,NEGATIVE
3a2bbbbb5651cccccccccc5441867dddddddd2252,POSITIVE
892992aaaaaaaa6197684194cccccccc45bbbbbbbbbb22277dddddd77659212,NEGATIVE
927667a819815249b773ccc82ddddddddd624129,POSITIVE
4831493a9356bbbbbbbb59cccc8482798dddd3,POSITIVE
992762aaa1924cccccc3196bb977417887dddddddd3871,NEGATIVE
44181793aaaaaaaa47bbbbbbbbbb5543974ccccccc6dddd9627,POSITIVE
889455a5868651bbbbbb691cccc29913344ddddd66,POSITIVE
257424595a8284bbb96337cc72846874dd3681448599,POSITIVE
645aa9147385996bbbbbbb24265475cccccccccc166474dd1592415,POSITIVE
97746855aaa33756218bbbbbbbbbb4552969483ccc341439ddddddddd87,POSITIVE
284458764aaaaa9255461ccc4984736217bbb51d517,NEGATIVE
425743297aaaa7396cccccc6933451247bb5798259ddddd28682962,NEGATIVE
69aaaaa29669cccccccccc3176288bbbbbbbbbb53874574dddddd6469545,NEGATIVE
5aaaaaaaa23741336cc3856964bbbbbbbbbb5721dddddddd757,NEGATIVE
7684aaaaaa9612963ccccccc1bbbb752677dddddddd6635968,NEGATIVE
937134aaaa8664682bb5cccccc7997174ddddddddd453451,POSITIVE
263357531aaaaaaaa39376714bbb798ccccccc5817989ddddd9517513284,POSITIVE
125aaaaaaaa31bbbbbb2215652cccccccccc3855697ddddd63428918,POSITIVE
927aaaaaaaa6936973ccccccccc166987386bbbbbbbb3124dd1,NEGATIVE
95388aaaaaaaa87cccccccc6294914bbbbbbbbbb37559dddddddd7641573214,NEGATIVE
14763aaaaa81369bbbbbbb1895184868ccccccc8422dd8681464425,POSITIVE
463aa311251c6595bbbbbbbb35781ddd88,NEGATIVE
92927aaaaaaaaa3295bbbb494936c1ddddddddd199,POSITIVE
85659479aa8458548bbbbbbbbbb8cccc996788ddd4774,POSITIVE
97aaaaaaaa758cccc5428657939bbbbbbb114dddddd127,NEGATIVE
5aaaaaa32541bbbbbbbb635594cc43dd4421639,POSITIVE
417aaaaaaaaaa872543298bbb2ccccccccc3ddd498,POSITIVE
523aaaaaa49221cccccccccc4452bbbbbb6479ddd6583744292,NEGATIVE
6aaaaa594ccccc766638398b2728dddd556,NEGATIVE
26545487aaaaaaaaa871bbbbbbbbbb8226ccccccc67ddddddd626,POSITIVE
6aaa1cccccccccc7799476bbbbbbbbb5195ddddddd65991376,NEGATIVE
2687973136aaaaaaaaaa91bbbbb887113ccccccc62251848dddddd128839,POSITIVE
4874275236aaa1cc111bbbb828dddddddd8964355,NEGATIVE
9467185329aaaaaaaaaa1bbbbbbbb29342ccccccc345ddddd636,POSITIVE
9aaaaaaa7148cccccccc498925175bbb3917dd537,NEGATIVE
3463267474aaaaaaaaaa7565343c59711bbbbbbb6947617dd86213,NEGATIVE
921836881aaaaaaaaaa6552bbbbbbbb6735356654cccccc8dddddd92231246,POSITIVE
236671345aaaaaaa5433ccccc751bbbbbbbbbb2349233ddddddd6,NEGATIVE
7528842aaaaaaaa77564ccccccc1bb8329dd793,NEGATIVE
443912a61114c142615bbb81617ddddddd53952,NEGATIVE
5884727a8294ccccccc633841525bbbbb14377dddddd59,NEGATIVE
931684176aaaaa8889cccccccccc99539281bbbb8316444783dddddddddd187352,NEGATIVE
9242aaaaa731291bb15182cc652dddd27722331,POSITIVE
177aaaa4382864cc3926614bb89629723dddddddd6963177158,NEGATIVE
473669a858539312cc667bbbbbbbbb642731281d89,NEGATIVE
2aaa127968153bbb554ccccccc25677187ddddddd7744,POSITIVE
5512aaa96bbbbbbbbb384234ccccc193dddddddddd583,POSITIVE
7344aa53355ccc876931928bbbbbbbbbb3637dd71695295,NEGATIVE
31862268aaaaaaaaaa996477278ccccccc889672bb598ddddddddd57,NEGATIVE
122774aaaaaaa59867cccc7327726671bb4924dddd95612827,NEGATIVE
735985387a654cccccccc15855587bbbbbbbbb183725273dd728,NEGATIVE
2946884328aaaaa966bbb686877732cccccccccc638dd9,POSITIVE
224aa589191ccccccc225bb56842ddddddd77,NEGATIVE
7332145641aaa18627419bbbbbbbbbb7995699247cccc774252255dddddd189,POSITIVE
813aaaa58632bbb77554cc7dddddd89442,POSITIVE
167858aaaaaaaaa1166859cccccccccc5646334971bbbbb51649284ddddddddd24282998,NEGATIVE
73aaaaaaaa51135955bbbbbbbbb112459721cccccccccc4dddddddddd8887965,POSITIVE
865762aaaaaa1478198cccccccc92b1257dddddddd38,NEGATIVE
24827549aaaaa2296865bbbbbbbbb3899482371ccc8173548ddddd6,POSITIVE
99611871aaaaaaaaaa356128bbbbbbb9562847ccccccc45449889d84937,POSITIVE
853aaaaaa44557c523bbbbbbbbbb839662445ddddddddd2111772,NEGATIVE
12aaaaa769119938bbbbbbbbb49ccccccccc31dddd9,POSITIVE
731823365aaaaaaaa31bbbbbbbbbb58666ccccccccc86525ddd87287,POSITIVE
51689322aaaaaa785cc49bbb441236ddd57888881,NEGATIVE
477aaaa9566572964ccccccc298114bbbb154189d832842,NEGATIVE
462491aaaaaa64319bbbbbbbbbb9813cccccccc2121714264dddddddddd485,POSITIVE
37751aaaaaaaa1576631bbbb9479cc42164468d555954,POSITIVE
93347274aaaaaaaaaa12456ccccc9bb24985776dddddddddd776,NEGATIVE
111881aaaaaaa4644285242bbbbb47cccccccc8448ddddddd254414198,POSITIVE
9845aaaaa735142752cccc1951717252bbbbbbbbb918664852dddddd1422189,NEGATIVE
6329aaa353431cccc6696879636bbbb731696dddddddddd45517782,NEGATIVE
428587186aa7ccccccccc58951bbbb95145694dd311763484,NEGATIVE
95aaa37841ccc72338817bbbb29ddd224851,NEGATIVE
52aaa257318cc6532463795bbbbbb613ddddd475438142,NEGATIVE
376885aaaaaaa316715545bbbbbbb675158155cccc745dddddddd5615,POSITIVE
6aaaaaaaaa477cccc514933bbbbbbbb7dddddddddd5,NEGATIVE
9281185595aaa2572342728cccc59663126bbbbbbbbb338186217ddd889611,NEGATIVE
64aaaaaaaa74bbb11837c221257385ddd5953788,POSITIVE
313aaaaaa6649537bbbb3558cccccccccc181229dddddddddd8346,POSITIVE
94169943aaaaaaaaa51197131ccccccccc5538397877b7241d14752612,NEGATIVE
5725565422aaaa21776671bb9cccc3927ddddd21195,POSITIVE
9783918839aaaaaaaaaa4cccc7638597bbbbbb29dd6,NEGATIVE
7aaaaa737677482cc8971513864bbbbbb25834341dddddd1236461378,NEGATIVE
6729363339aaa3bbbbb9247873ccccccc9ddd89337378,POSITIVE
214473aaaaaaaa3949275971bbbb4731523cccccccc4913512123ddddd3734,POSITIVE
63aaaaaa51866452bbbbbbbbbb41237cccccccc72ddd15518,POSITIVE
1349489aaa4331b5cccc7dddddddd1567286513,POSITIVE
17aaaaa3947718cccccccc7687bbbbb9997184dd4,NEGATIVE
1211783aaaa3111762ccccccccc63136977bbbbb2539174465ddddddddd6276714775,NEGATIVE
194974143a2544749893bbbbbbbb5499cccccccccc4545dddddddd563269755,POSITIVE
737948834aaaa8bbb133976355cccccc6395235ddddddddd794474,POSITIVE
45814357aaaa1616441cccccccccc495199176bb8487645389dddddd5421,NEGATIVE
239aaaaa4152cccccc67bbb4726dddddd8364,NEGATIVE
192aa516931c89728bbbbbbbbb7877222722dddd9754,NEGATIVE
27848aaaaaaa245cc6924518bbbbb467939973dddd18137,NEGATIVE
3416aaaaaaaaaa47319ccccccc135673258bbbbbb3776315138dd45823393,NEGATIVE
275aa29944943bbbbbbbbbb743cccccccc44551ddddddddd837,POSITIVE
51456182aaaaaaaaaa2346882983c96bbb5ddddddd78,NEGATIVE
7446aaaaa13412cccc81bbbbbbbb5678463ddddddd46432362,NEGATIVE
13aa6531329cccccccccc5462873bbbbb525949ddddddddd536468,NEGATIVE
955532138aaa794449bbbbbbbb9615771652cccccccc759628795dddddd5984713,POSITIVE
41aaa252bbb668835112cccccccccc522253ddddddddd7491,POSITIVE
53977858aa1794856bbbbbbbbb2358ccccc6492483755d889,POSITIVE
658aaa976bbbb62599717cc4271292dddddd2561866856,POSITIVE
653234541aaaaaa6cccccccccc5bbbbbbbbbb53456986dddd52833,NEGATIVE
1412aaa7117c3551bbbbbbbbbb379792618ddddd958,NEGATIVE
188423aaaaa73bbbbbb796995c22498969ddddd5782371,POSITIVE
87772513aaa25888bbbbbbbbbb36423623cc293ddddd255194259,POSITIVE
2785198159aaa756128398bb257ccc2ddddddd9584368,POSITIVE
9854aaa44373726bbbbb267357ccccc823ddddddd961333756,POSITIVE
544aaaa3351588477cccccccc2bb886719245dddd5313923584,NEGATIVE
2516aaaaaaaaaa77168417bbbb611854c1d86,POSITIVE
711771825aaaa92797758b97892819ccc58ddddddd8,POSITIVE
826449aaaaaaaa5bbbbbb266232cccccccc8563568ddddddd723,POSITIVE
333477654aa866bbbbbbbbb4cccccccc433823d59818659,POSITIVE
438747955aa593bbbbbbb61537cccccc74dddd8,POSITIVE
4268aaa7615799c8bbbbbb173572ddd6,NEGATIVE
479324388aaaaaaa779454bb91cccccccc2736974d82675154,POSITIVE
754352aaa4189498337bbbbbb917957872ccccccc672ddddddd26592533,POSITIVE
8622987aaaaaaaaa2278bbbbbb1713cccccc525911d2,POSITIVE
719aaaaa43967bbb9465495ccccccc8354739ddddddd7512463927,POSITIVE
57814aaaaa2bbbb91ccc5441dddddd9928,POSITIVE
289aaaaa226895412bbbbbbb3ccccccccc882488698d877,POSITIVE
466677696aaa744361192ccccccc6bbbb7634175343ddddddddd3,NEGATIVE
38244aaaaaaaa2766bbbbbbb32864595cccc97682412dd83761,POSITIVE
429aaaaaaaaaa845b2393239633ccccc735968dddddd6614,POSITIVE
97813225aaaaaaaa42983677bbbbbbbb254734645ccccc879ddddddddd28,POSITIVE
78726163aaaaaa177479bbb2ccc526dddddddddd256261781,POSITIVE
362439aaaaaaaaaa4533cc1473bbb3671ddd75966869,NEGATIVE
914862aaaaaa889373529cccccccc179714634bb39ddddd6362996,NEGATIVE
4943492932aaaaaaa1ccc7343337577bbbb746571787dddd7,NEGATIVE
295aaaaaaaaaa5745932622cccccccc8617337528bbbbbbbbbb623732723ddddddd7147475,NEGATIVE
4935511291aaaaaaa3862cccc7677bbbbbb96986272dd5424,NEGATIVE
7aaaaaaa644ccccc2624527bbbbbb161939dddddddd6629775,NEGATIVE
794383aaaa57991cccccccccc2126bbbbbb2966975296dddddd1861529352,NEGATIVE
6247833aaaa2cccccccccc28bb992488499ddd3415,NEGATIVE
7563123aa461391b649693349c18951dd3834996195,POSITIVE
27aaaaaaa8862b5217c1422244543ddddd267,POSITIVE
3459aaaaaaa544371868bbbbb799685836ccc46d49198,POSITIVE
36723987aaaaaa44bbbbbbbbb8425cccc7dd47967172,POSITIVE
4352268aaaaaaaa7229ccc1347b747939dddddddddd92362383,NEGATIVE
2323866232aaa817cccc4bbbb82191994dddd656,NEGATIVE
2598aaa1387bbbbb372335273cccccccc6dddddddddd276,POSITIVE
2219129155aaaaaaaa851713643bbbb2581846271cccccccc12996794ddddd54,POSITIVE
4712595641aaaaaaa5326824b69cccccccccc564988646dddddddd9726145,POSITIVE
42966aaaaaaa9ccccccc426631915bbbbbbbb37ddddddd958673,NEGATIVE
537491255aa11753bbbb68361672cccccccc81dd25284,POSITIVE
2741638367aaa2bbbbbbbb8866861ccccccc29dddddddd274,POSITIVE
62aa6771ccccc22bbbbbb747ddd514725,NEGATIVE
233299aaaaaaaa94219686ccccc72119bbbbbb31dddddd326247,NEGATIVE
9524937aaa52531bbbb32552692cccccc8458443dddd752343228,POSITIVE
7493532276aa875cccc5842373bbbbbbbbbb199192dddddddddd649882337,NEGATIVE
87162363aaaaaaaaa12cc8263bbbbbbbb7156229283dd395382,NEGATIVE
6297797aa611552133cccccccc637957165bbbbb8414871dddd219355,NEGATIVE
54629226aaa4719bb16127356ccccccc11577d829451493,POSITIVE
64aaaaaaaaaa372768866bbbb4794cccccc3292843194dd7,POSITIVE
292aa7167cccc1637862bbbbbbbbb7262dddddd675328694,NEGATIVE
4aa63934322bbbbbb78254549c13ddddd76857552,POSITIVE
494aaaaa98793839bbbbbbb3147222cc8387855426dddd2,POSITIVE
31181481a53332437bbbb88cccccccccc92113936dddddd8427869,POSITIVE
854962a836859232bbbbbbbbb67cccccccc3323ddd6437,POSITIVE
452871aaaaa13485984bbbbbbb172959311cccccccccc145dddddddddd491112125,POSITIVE
673aaaaaaaaa395751bbb22cc59881ddddd3428277569,POSITIVE
43862aaa33595698bbbb252595c6dddddd635237464,POSITIVE
3aaaaaaaaaa5ccccccc66bbbbbb8342dddddddd81376,NEGATIVE
6971a579cccc8262462464bbbb41dddd69729,NEGATIVE
489aaaaaaa1ccccc58b2495528ddddddd3376,NEGATIVE
348383aaaaaaaaa1296213ccccccccc938bb591477ddd6,NEGATIVE
716aaaaaaaa1697bbb4865592543cccccccccc774722794ddddddd15,POSITIVE
9512151aaaaaaaaaa3726cccc6243bbbbbbbbb9357659dddddddd864368,NEGATIVE
6679124aaaaaaaaaa523525ccccccccc348416159bbbbbbb23331ddddddd68286842,NEGATIVE
45aaaaaaaaa7958645893bbbb512513c5962dddddddddd124215939,POSITIVE
4aaa349bbbbbbb6731971ccc719395613d5695116853,POSITIVE
585685666aaaaaaaaaa39931964ccccccc5622655826b5419383173ddd5689658954,NEGATIVE
311586aaaaaaaaaa1778bbbbbbbbb235899cccccccc93697536dddd48,POSITIVE
97aaaaaaaa3bbbbbbbbbb5895184812cccccccc541dddddddddd65331,POSITIVE
477aaaaaaaaa124cccccc638512bbbbbbbbbb3ddddddd8267,NEGATIVE
